{
	"metadata":{
		"formatVersion": 3,
		"fileName"     : "TAIL.json",
		"generatedBy"  : "RaidaJSONExporter",
		"vertices"     : 110,
		"faces"        : 160,
		"normals"      : 160,
		"colors"       : 1
	},
	"materials":[],
	"vertices":[
		17.429109, 20.108146, 3.070297,
		17.435718, 19.945710, 3.070297,
		17.427417, 20.503819, 3.691564,
		17.422059, 20.635521, 3.691564,
		17.269902, 20.372066, 3.691564,
		17.272102, 20.240314, 3.691564,
		17.293885, 20.791840, 4.183113,
		17.292114, 20.897920, 4.183113,
		17.279343, 19.459056, 3.070297,
		17.342390, 19.316798, 3.070297,
		17.335872, 19.993902, 3.691564,
		17.284754, 20.109243, 3.691564,
		17.325786, 20.756003, 3.070297,
		17.309182, 20.594283, 3.070297,
		17.308948, 21.029677, 3.691564,
		17.322410, 21.160799, 3.691564,
		17.376239, 21.427390, 4.183113,
		17.386087, 21.321730, 4.183113,
		17.389937, 21.753430, 4.702168,
		17.382298, 21.835383, 4.702168,
		17.335872, 21.291921, 3.691564,
		17.334390, 21.532962, 4.183113,
		17.345229, 21.638534, 4.183113,
		17.365400, 21.532962, 4.183113,
		17.357077, 21.917268, 4.702168,
		17.342390, 20.917724, 3.070297,
		17.429888, 20.372066, 3.691564,
		17.427688, 20.240314, 3.691564,
		17.405905, 20.791840, 4.183113,
		17.407676, 20.897920, 4.183113,
		17.372572, 20.444433, 2.632923,
		17.391266, 20.262351, 2.632923,
		17.390608, 20.594283, 3.070297,
		17.374004, 20.756003, 3.070297,
		17.263738, 19.620713, 3.070297,
		17.377380, 21.160799, 3.691564,
		17.390842, 21.029677, 3.691564,
		17.296716, 20.898445, 3.691564,
		17.313703, 21.321730, 4.183113,
		17.323551, 21.427390, 4.183113,
		17.408252, 20.080117, 2.632923,
		17.405694, 20.432427, 3.070297,
		17.294096, 20.432427, 3.070297,
		17.281869, 20.270317, 3.070297,
		17.286803, 20.767008, 3.691564,
		17.434615, 19.715008, 2.632923,
		17.442055, 19.532120, 2.632923,
		17.405686, 21.003999, 4.183113,
		17.406681, 21.424710, 4.702168,
		17.405138, 21.506989, 4.702168,
		17.401373, 21.110038, 4.183113,
		17.401792, 21.589236, 4.702168,
		17.305721, 21.215904, 4.183113,
		17.298417, 21.110038, 4.183113,
		17.297998, 21.589236, 4.702168,
		17.303663, 21.671348, 4.702168,
		17.277731, 20.635521, 3.691564,
		17.403074, 20.898445, 3.691564,
		17.395718, 20.686309, 4.183113,
		17.354561, 20.593443, 4.183113,
		17.365484, 21.188550, 4.702168,
		17.397406, 21.260579, 4.702168,
		17.272373, 20.503819, 3.691564,
		17.294104, 21.003999, 4.183113,
		17.415036, 20.109243, 3.691564,
		17.412987, 20.767008, 3.691564,
		17.394069, 21.215904, 4.183113,
		17.357400, 20.917724, 3.070297,
		17.363918, 21.291921, 3.691564,
		17.354561, 21.638534, 4.183113,
		17.365484, 21.999152, 4.702168,
		17.327218, 20.444433, 2.632923,
		17.308524, 20.262351, 2.632923,
		17.422018, 19.897597, 2.632923,
		17.417921, 20.270317, 3.070297,
		17.438765, 19.783212, 3.070297,
		17.277772, 19.897597, 2.632923,
		17.265175, 19.715008, 2.632923,
		17.270681, 20.108146, 3.070297,
		17.345912, 20.626515, 2.632923,
		17.317492, 21.835383, 4.702168,
		17.342713, 21.917268, 4.702168,
		17.264072, 19.945710, 3.070297,
		17.261025, 19.783212, 3.070297,
		17.304072, 20.686309, 4.183113,
		17.302384, 21.260579, 4.702168,
		17.294482, 21.342432, 4.702168,
		17.309853, 21.753430, 4.702168,
		17.334306, 21.999152, 4.702168,
		17.396127, 21.671348, 4.702168,
		17.405308, 21.342432, 4.702168,
		17.294652, 21.506989, 4.702168,
		17.420447, 19.459056, 3.070297,
		17.357400, 19.316798, 3.070297,
		17.363918, 19.993902, 3.691564,
		17.291538, 20.080117, 2.632923,
		17.345229, 20.593443, 4.183113,
		17.334306, 21.188550, 4.702168,
		17.424862, 18.984194, 2.632923,
		17.353878, 18.824026, 2.632923,
		17.353878, 20.626515, 2.632923,
		17.445486, 19.349163, 2.632923,
		17.442432, 19.166205, 2.632923,
		17.436052, 19.620713, 3.070297,
		17.257735, 19.532120, 2.632923,
		17.254304, 19.349163, 2.632923,
		17.293109, 21.424710, 4.702168,
		17.274928, 18.984194, 2.632923,
		17.345912, 18.824026, 2.632923,
		17.257358, 19.166205, 2.632923
	],
	"morphTargets":[],