{
	"metadata":{
		"formatVersion": 3,
		"fileName"     : "100.json",
		"generatedBy"  : "RaidaJSONExporter",
		"vertices"     : 4,
		"faces"        : 2,
		"normals"      : 4,
		"colors"       : 4
	},
	"materials":[],
	"vertices":[
		130.961518, 33.249999, 30.139019,
		130.953655, 33.187719, 30.139019,
		130.951027, 33.249999, 30.139019,
		130.951027, 33.124999, 30.139019
	],
	"morphTargets":[],
	"normals":[
		-0.000000, 0.000000, -1.000000,
		-0.000000, 0.000000, -1.000000,
		-0.000000, 0.000000, -1.000000,
		-0.000000, 0.000000, -1.000000
	],
	"colors":[
		16775649,
		16775649,
		16775649,
		16775649
	],
	"uvs":[[]],
	"faces":[
		160, 0, 1, 2, 0, 1, 2, 0, 1, 2,
		160, 1, 3, 2, 1, 3, 2, 1, 3, 2
	]
}
