{
	"metadata":{
		"formatVersion": 3,
		"fileName"     : "117.json",
		"generatedBy"  : "RaidaJSONExporter",
		"vertices"     : 162,
		"faces"        : 54,
		"normals"      : 162,
		"colors"       : 162
	},
	"materials":[],
	"vertices":[
		121.661471, -24.809236, 74.312177,
		121.676791, -24.783525, 74.338716,
		121.622905, -24.717311, 74.245379,
		121.676791, -24.783525, 74.338716,
		121.638225, -24.691599, 74.271913,
		121.622905, -24.717311, 74.245379,
		121.711561, -24.689378, 74.398942,
		121.691563, -24.620096, 74.364298,
		121.702903, -24.699379, 74.383940,
		121.691563, -24.620096, 74.364298,
		121.682897, -24.630094, 74.349301,
		121.702903, -24.699379, 74.383940,
		121.895671, -24.638752, 74.717822,
		121.895666, -24.518753, 74.717822,
		121.875672, -24.638754, 74.683183,
		121.895666, -24.518753, 74.717822,
		121.875667, -24.518752, 74.683184,
		121.875672, -24.638754, 74.683183,
		122.278246, -25.194366, 75.380474,
		122.274778, -25.154974, 75.374461,
		122.219160, -25.215204, 75.278132,
		122.274778, -25.154974, 75.374461,
		122.215692, -25.175812, 75.272118,
		122.219160, -25.215204, 75.278132,
		121.952559, -24.611331, 74.816367,
		121.959509, -24.532549, 74.828400,
		121.942714, -24.607860, 74.799312,
		121.959509, -24.532549, 74.828400,
		121.949664, -24.529076, 74.811340,
		121.942714, -24.607860, 74.799312,
		121.661464, -25.815769, 74.312179,
		121.622901, -25.907695, 74.245379,
		121.676794, -25.841481, 74.338714,
		121.622901, -25.907695, 74.245379,
		121.638221, -25.933406, 74.271913,
		121.676794, -25.841481, 74.338714,
		121.702904, -25.925629, 74.383941,
		121.682904, -25.994911, 74.349298,
		121.711564, -25.935629, 74.398942,
		121.682904, -25.994911, 74.349298,
		121.691563, -26.004912, 74.364300,
		121.711564, -25.935629, 74.398942,
		121.828625, -26.017146, 74.601696,
		121.818770, -26.013672, 74.584636,
		121.821675, -26.095930, 74.589663,
		121.818770, -26.013672, 74.584636,
		121.811829, -26.092459, 74.572607,
		121.821675, -26.095930, 74.589663,
		122.079775, -26.004911, 75.036705,
		122.088432, -25.994910, 75.051707,
		122.059778, -25.935628, 75.002066,
		122.088432, -25.994910, 75.051707,
		122.068435, -25.925629, 75.017067,
		122.059778, -25.935628, 75.002066,
		122.162263, -25.763631, 75.179580,
		122.155837, -25.778954, 75.168449,
		122.192903, -25.815054, 75.232653,
		122.155837, -25.778954, 75.168449,
		122.186478, -25.830376, 75.221523,
		122.192903, -25.815054, 75.232653,
		122.256896, -25.593377, 75.343493,
		122.260318, -25.574585, 75.349418,
		122.219310, -25.566016, 75.278388,
		122.260318, -25.574585, 75.349418,
		122.222732, -25.547224, 75.284313,
		122.219310, -25.566016, 75.278388,
		122.282543, -25.302503, 75.387911,
		122.242545, -25.302504, 75.318629,
		122.282545, -25.322502, 75.387911,
		122.242545, -25.302504, 75.318629,
		122.242547, -25.322504, 75.318628,
		122.282545, -25.322502, 75.387911,
		122.222732, -25.077782, 75.284313,
		122.260322, -25.050421, 75.349420,
		122.219312, -25.058989, 75.278387,
		122.260322, -25.050421, 75.349420,
		122.256902, -25.031629, 75.343494,
		122.219312, -25.058989, 75.278387,
		122.155833, -24.846054, 75.168449,
		122.162264, -24.861374, 75.179582,
		122.186482, -24.794631, 75.221521,
		122.162264, -24.861374, 75.179582,
		122.192904, -24.809950, 75.232654,
		122.186482, -24.794631, 75.221521,
		122.059775, -24.689376, 75.002066,
		122.068434, -24.699377, 75.017067,
		122.079775, -24.620096, 75.036708,
		122.068434, -24.699377, 75.017067,
		122.088435, -24.630097, 75.051709,
		122.079775, -24.620096, 75.036708,
		121.949657, -26.095930, 74.811342,
		121.959509, -26.092458, 74.828401,
		121.942710, -26.017146, 74.799310,
		121.959509, -26.092458, 74.828401,
		121.952563, -26.013674, 74.816369,
		121.942710, -26.017146, 74.799310,
		121.821672, -24.529074, 74.589666,
		121.811829, -24.532548, 74.572607,
		121.828619, -24.607861, 74.601698,
		121.811829, -24.532548, 74.572607,
		121.818776, -24.611334, 74.584639,
		121.828619, -24.607861, 74.601698,
		121.740532, -26.051543, 74.449120,
		121.759329, -26.065225, 74.481672,
		121.761052, -25.938780, 74.484664,
		121.759329, -26.065225, 74.481672,
		121.779849, -25.952463, 74.517216,
		121.761052, -25.938780, 74.484664,
		121.875667, -25.986252, 74.683181,
		121.875663, -26.106253, 74.683181,
		121.895666, -25.986252, 74.717825,
		121.875663, -26.106253, 74.683181,
		121.895672, -26.106254, 74.717824,
		121.895666, -25.986252, 74.717825,
		122.030808, -26.051544, 74.951888,
		122.010281, -25.938780, 74.916343,
		122.012009, -26.065223, 74.919333,
		122.010281, -25.938780, 74.916343,
		121.991491, -25.952461, 74.883792,
		122.012009, -26.065223, 74.919333,
		122.148433, -25.907694, 75.155629,
		122.109867, -25.815768, 75.088826,
		122.133114, -25.933406, 75.129091,
		122.109867, -25.815768, 75.088826,
		122.094547, -25.841481, 75.062292,
		122.133114, -25.933406, 75.129091,
		122.234375, -25.692059, 75.304477,
		122.182408, -25.632056, 75.214475,
		122.224370, -25.726699, 75.287154,
		122.182408, -25.632056, 75.214475,
		122.172412, -25.666698, 75.197156,
		122.224370, -25.726699, 75.287154,
		122.274781, -25.470034, 75.374462,
		122.278252, -25.430640, 75.380474,
		122.215691, -25.449196, 75.272116,
		122.278252, -25.430640, 75.380474,
		122.219161, -25.409803, 75.278133,
		122.215691, -25.449196, 75.272116,
		122.172406, -24.958307, 75.197154,
		122.182409, -24.992948, 75.214474,
		122.224368, -24.898308, 75.287157,
		122.182409, -24.992948, 75.214474,
		122.234372, -24.932950, 75.304477,
		122.224368, -24.898308, 75.287157,
		122.133117, -24.691599, 75.129095,
		122.094545, -24.783524, 75.062294,
		122.148438, -24.717311, 75.155629,
		122.094545, -24.783524, 75.062294,
		122.109865, -24.809236, 75.088829,
		122.148438, -24.717311, 75.155629,
		122.030807, -24.573463, 74.951888,
		122.012009, -24.559781, 74.919336,
		122.010287, -24.686225, 74.916344,
		122.012009, -24.559781, 74.919336,
		121.991489, -24.672545, 74.883791,
		122.010287, -24.686225, 74.916344,
		121.779848, -24.672544, 74.517216,
		121.759330, -24.559781, 74.481671,
		121.761057, -24.686226, 74.484665,
		121.759330, -24.559781, 74.481671,
		121.740530, -24.573461, 74.449120,
		121.761057, -24.686226, 74.484665
	],
	"morphTargets":[],