{
	"metadata":{
		"formatVersion": 3,
		"fileName"     : "123.json",
		"generatedBy"  : "RaidaJSONExporter",
		"vertices"     : 52,
		"faces"        : 20,
		"normals"      : 52,
		"colors"       : 52
	},
	"materials":[],
	"vertices":[
		171.094299, -26.524441, 38.177028,
		171.094299, -26.524441, 25.127370,
		170.844297, -26.524441, 38.177028,
		170.844297, -26.524441, 25.127370,
		170.844297, -26.524441, 38.177028,
		170.844297, -39.530918, 38.177028,
		171.094299, -26.524441, 38.177028,
		170.844297, -39.530918, 38.177028,
		171.094299, -39.530918, 38.177028,
		171.094299, -26.524441, 38.177028,
		170.844297, -26.524441, 25.127370,
		171.094299, -26.524441, 25.127370,
		170.844297, -35.037545, 25.127370,
		171.094299, -26.524441, 25.127370,
		171.094299, -35.037545, 25.127370,
		170.844297, -35.037545, 25.127370,
		170.844297, -35.037545, 25.127370,
		171.094299, -35.037545, 25.127370,
		170.844297, -37.288772, 31.650634,
		171.094299, -35.037545, 25.127370,
		171.094299, -37.290391, 31.650075,
		170.844297, -37.288772, 31.650634,
		170.844297, -37.288772, 31.650634,
		171.094299, -37.290391, 31.650075,
		170.844297, -37.665049, 32.740950,
		171.094299, -37.290391, 31.650075,
		171.094299, -39.530918, 38.177028,
		170.844297, -37.665049, 32.740950,
		170.844297, -37.665049, 32.740950,
		171.094299, -39.530918, 38.177028,
		170.844297, -39.530918, 38.177028,
		170.844297, -26.524441, 25.127370,
		170.844297, -26.524441, 38.177028,
		170.844297, -35.037545, 25.127370,
		170.844297, -37.288772, 31.650634,
		170.844297, -26.524441, 38.177028,
		170.844297, -37.288772, 31.650634,
		170.844297, -37.288772, 31.650634,
		170.844297, -26.524441, 38.177028,
		170.844297, -37.665049, 32.740950,
		170.844297, -26.524441, 38.177028,
		170.844297, -39.530918, 38.177028,
		170.844297, -37.665049, 32.740950,
		171.094299, -26.524441, 25.127370,
		171.094299, -26.524441, 38.177028,
		171.094299, -35.037545, 25.127370,
		171.094299, -26.524441, 38.177028,
		171.094299, -35.037545, 25.127370,
		171.094299, -37.290391, 31.650075,
		171.094299, -26.524441, 38.177028,
		171.094299, -39.530918, 38.177028,
		171.094299, -37.290391, 31.650075
	],
	"morphTargets":[],
	"normals":[
		0.000000, 1.000000, 0.000000,
		0.000000, 1.000000, 0.000000,
		0.000000, 1.000000, 0.000000,
		0.000000, 1.000000, 0.000000,
		-0.000000, 0.000000, 1.000000,
		-0.000000, 0.000000, 1.000000,
		-0.000000, 0.000000, 1.000000,
		0.000000, 0.000000, 1.000000,
		0.000000, 0.000000, 1.000000,
		0.000000, 0.000000, 1.000000,
		0.000000, 0.000000, -1.000000,
		0.000000, 0.000000, -1.000000,
		0.000000, 0.000000, -1.000000,
		0.000000, -0.000000, -1.000000,
		0.000000, -0.000000, -1.000000,
		0.000000, -0.000000, -1.000000,
		0.000000, -0.945291, -0.326227,
		0.000000, -0.945291, -0.326227,
		0.000000, -0.945291, -0.326227,
		-0.006852, -0.945188, -0.326454,
		-0.006852, -0.945188, -0.326454,
		-0.006852, -0.945188, -0.326454,
		-0.006852, -0.945269, -0.326220,
		-0.006852, -0.945269, -0.326220,
		-0.006852, -0.945269, -0.326220,
		0.000716, -0.945825, -0.324676,
		0.000716, -0.945825, -0.324676,
		0.000716, -0.945825, -0.324676,
		0.000000, -0.945835, -0.324647,
		0.000000, -0.945835, -0.324647,
		0.000000, -0.945835, -0.324647,
		1.000000, 0.000000, -0.000000,
		1.000000, 0.000000, -0.000000,
		1.000000, 0.000000, -0.000000,
		1.000000, 0.000000, -0.000000,
		0.000000, 0.000000, -0.000000,
		0.000000, 0.000000, -0.000000,
		1.000000, 0.000000, -0.000000,
		1.000000, 0.000000, -0.000000,
		1.000000, 0.000000, -0.000000,
		1.000000, 0.000000, 0.000000,
		1.000000, 0.000000, 0.000000,
		1.000000, 0.000000, 0.000000,
		1.000000, 0.000000, -0.000000,
		1.000000, 0.000000, -0.000000,
		1.000000, 0.000000, -0.000000,
		0.000000, 0.000000, -0.000000,
		0.000000, 0.000000, -0.000000,
		1.000000, 0.000000, -0.000000,
		1.000000, 0.000000, 0.000000,
		1.000000, 0.000000, 0.000000,
		1.000000, 0.000000, 0.000000
	],
	"colors":[
		8994623,
		8994623,
		8994623,
		8994623,
		8994623,
		8994623,
		8994623,
		8994623,
		8994623,
		8994623,
		8994623,
		8994623,
		8994623,
		8994623,
		8994623,
		8994623,
		8994623,
		8994623,
		8994623,
		8994623,
		8994623,
		8994623,
		8994623,
		8994623,
		8994623,
		8994623,
		8994623,
		8994623,
		8994623,
		8994623,
		8994623,
		8994623,
		8994623,
		8994623,
		8994623,
		8994623,
		8994623,
		8994623,
		8994623,
		8994623,
		8994623,
		8994623,
		8994623,
		8994623,
		8994623,
		8994623,
		8994623,
		8994623,
		8994623,
		8994623,
		8994623,
		8994623
	],
	"uvs":[[]],
	"faces":[
		160, 0, 1, 2, 0, 1, 2, 0, 1, 2,
		160, 1, 3, 2, 1, 3, 2, 1, 3, 2,
		160, 4, 5, 6, 4, 5, 6, 4, 5, 6,
		160, 7, 8, 9, 7, 8, 9, 7, 8, 9,
		160, 10, 11, 12, 10, 11, 12, 10, 11, 12,
		160, 13, 14, 15, 13, 14, 15, 13, 14, 15,
		160, 16, 17, 18, 16, 17, 18, 16, 17, 18,
		160, 19, 20, 21, 19, 20, 21, 19, 20, 21,
		160, 22, 23, 24, 22, 23, 24, 22, 23, 24,
		160, 25, 26, 27, 25, 26, 27, 25, 26, 27,
		160, 28, 29, 30, 28, 29, 30, 28, 29, 30,
		160, 31, 32, 33, 31, 32, 33, 31, 32, 33,
		160, 33, 32, 34, 33, 32, 34, 33, 32, 34,
		160, 35, 35, 36, 35, 35, 36, 35, 35, 36,
		160, 37, 38, 39, 37, 38, 39, 37, 38, 39,
		160, 40, 41, 42, 40, 41, 42, 40, 41, 42,
		160, 43, 44, 45, 43, 44, 45, 43, 44, 45,
		160, 46, 46, 47, 46, 46, 47, 46, 46, 47,
		160, 45, 44, 48, 45, 44, 48, 45, 44, 48,
		160, 49, 50, 51, 49, 50, 51, 49, 50, 51
	]
}
