{
	"metadata":{
		"formatVersion": 3,
		"fileName"     : "124.json",
		"generatedBy"  : "RaidaJSONExporter",
		"vertices"     : 158,
		"faces"        : 64,
		"normals"      : 158,
		"colors"       : 158
	},
	"materials":[],
	"vertices":[
		141.127101, 14.305619, 67.346307,
		141.127101, 14.305619, 61.424347,
		140.934752, 14.406539, 67.346307,
		140.934752, 14.406539, 61.424347,
		140.934752, 14.406539, 67.346307,
		140.934752, 14.406539, 61.424347,
		140.237837, 13.078269, 68.788444,
		140.934752, 14.406539, 61.424347,
		140.237837, 13.078269, 59.862137,
		140.237837, 13.078269, 68.788444,
		141.127101, 14.305619, 67.346307,
		140.621194, 13.033057, 68.655689,
		141.127101, 14.305619, 61.424347,
		140.621194, 13.033057, 68.655689,
		141.127101, 14.305619, 61.424347,
		141.127101, 14.305619, 61.424347,
		140.621194, 13.033057, 68.655689,
		140.621194, 13.033057, 60.005939,
		140.621194, 13.033057, 68.655689,
		140.615721, 13.021158, 68.668263,
		140.621194, 13.033057, 60.005939,
		140.621194, 13.033057, 60.005939,
		140.615721, 13.021158, 68.668263,
		140.596010, 13.000192, 59.963441,
		140.615721, 13.021158, 68.668263,
		140.596460, 13.000231, 68.694681,
		140.596010, 13.000192, 59.963441,
		140.596010, 13.000192, 59.963441,
		140.596460, 13.000231, 68.694681,
		140.596460, 13.000231, 68.694681,
		140.572074, 12.973732, 68.728135,
		140.596010, 13.000192, 59.963441,
		140.596010, 13.000192, 59.963441,
		140.572074, 12.973732, 68.728135,
		140.579818, 12.979073, 59.936136,
		140.572074, 12.973732, 68.728135,
		140.579818, 12.979073, 59.936136,
		140.579818, 12.979073, 59.936136,
		140.572074, 12.973732, 68.728135,
		140.566358, 12.973113, 59.924121,
		140.572074, 12.973732, 68.728135,
		140.567005, 12.971859, 68.731998,
		140.566358, 12.973113, 59.924121,
		140.566358, 12.973113, 59.924121,
		140.567005, 12.971859, 68.731998,
		140.567005, 12.971859, 68.731998,
		140.527929, 12.957430, 68.761739,
		140.566358, 12.973113, 59.924121,
		140.566358, 12.973113, 59.924121,
		140.527929, 12.957430, 68.761739,
		140.528943, 12.956542, 59.890733,
		140.527929, 12.957430, 68.761739,
		140.528943, 12.956542, 59.890733,
		140.528943, 12.956542, 59.890733,
		140.527929, 12.957430, 68.761739,
		140.486591, 12.955611, 59.869384,
		140.527929, 12.957430, 68.761739,
		140.522654, 12.955483, 68.765752,
		140.486591, 12.955611, 59.869384,
		140.486591, 12.955611, 59.869384,
		140.522654, 12.955483, 68.765752,
		140.522654, 12.955483, 68.765752,
		140.486619, 12.956413, 68.781057,
		140.486591, 12.955611, 59.869384,
		140.486591, 12.955611, 59.869384,
		140.486619, 12.956413, 68.781057,
		140.486619, 12.956413, 68.781057,
		140.481053, 12.956556, 68.783417,
		140.486591, 12.955611, 59.869384,
		140.486591, 12.955611, 59.869384,
		140.481053, 12.956556, 68.783417,
		140.452611, 12.965760, 59.862301,
		140.481053, 12.956556, 68.783417,
		140.446961, 12.968545, 68.788444,
		140.452611, 12.965760, 59.862301,
		140.452611, 12.965760, 59.862301,
		140.446961, 12.968545, 68.788444,
		140.446961, 12.968545, 59.862137,
		140.446961, 12.968545, 68.788444,
		140.446961, 12.968545, 59.862137,
		140.446961, 12.968545, 59.862137,
		140.446961, 12.968545, 68.788444,
		140.237837, 13.078269, 59.862137,
		140.237837, 13.078269, 68.788444,
		141.127101, 14.305619, 61.424347,
		140.621194, 13.033057, 60.005939,
		140.934752, 14.406539, 61.424347,
		140.621194, 13.033057, 60.005939,
		140.934752, 14.406539, 61.424347,
		140.934752, 14.406539, 61.424347,
		140.621194, 13.033057, 60.005939,
		140.237837, 13.078269, 59.862137,
		140.621194, 13.033057, 60.005939,
		140.596010, 13.000192, 59.963441,
		140.237837, 13.078269, 59.862137,
		140.237837, 13.078269, 59.862137,
		140.596010, 13.000192, 59.963441,
		140.596010, 13.000192, 59.963441,
		140.579818, 12.979073, 59.936136,
		140.237837, 13.078269, 59.862137,
		140.579818, 12.979073, 59.936136,
		140.566358, 12.973113, 59.924121,
		140.237837, 13.078269, 59.862137,
		140.566358, 12.973113, 59.924121,
		140.528943, 12.956542, 59.890733,
		140.237837, 13.078269, 59.862137,
		140.528943, 12.956542, 59.890733,
		140.528943, 12.956542, 59.890733,
		140.486591, 12.955611, 59.869384,
		140.237837, 13.078269, 59.862137,
		140.237837, 13.078269, 59.862137,
		140.486591, 12.955611, 59.869384,
		140.446961, 12.968545, 59.862137,
		140.486591, 12.955611, 59.869384,
		140.452611, 12.965760, 59.862301,
		140.446961, 12.968545, 59.862137,
		140.481053, 12.956556, 68.783417,
		140.486619, 12.956413, 68.781057,
		140.446961, 12.968545, 68.788444,
		140.486619, 12.956413, 68.781057,
		140.446961, 12.968545, 68.788444,
		140.446961, 12.968545, 68.788444,
		140.486619, 12.956413, 68.781057,
		140.237837, 13.078269, 68.788444,
		140.486619, 12.956413, 68.781057,
		140.522654, 12.955483, 68.765752,
		140.237837, 13.078269, 68.788444,
		140.237837, 13.078269, 68.788444,
		140.522654, 12.955483, 68.765752,
		140.522654, 12.955483, 68.765752,
		140.527929, 12.957430, 68.761739,
		140.237837, 13.078269, 68.788444,
		140.527929, 12.957430, 68.761739,
		140.527929, 12.957430, 68.761739,
		140.567005, 12.971859, 68.731998,
		140.237837, 13.078269, 68.788444,
		140.567005, 12.971859, 68.731998,
		140.567005, 12.971859, 68.731998,
		140.572074, 12.973732, 68.728135,
		140.237837, 13.078269, 68.788444,
		140.572074, 12.973732, 68.728135,
		140.572074, 12.973732, 68.728135,
		140.596460, 13.000231, 68.694681,
		140.237837, 13.078269, 68.788444,
		140.596460, 13.000231, 68.694681,
		140.596460, 13.000231, 68.694681,
		140.615721, 13.021158, 68.668263,
		140.237837, 13.078269, 68.788444,
		140.615721, 13.021158, 68.668263,
		140.615721, 13.021158, 68.668263,
		140.621194, 13.033057, 68.655689,
		140.237837, 13.078269, 68.788444,
		140.237837, 13.078269, 68.788444,
		140.621194, 13.033057, 68.655689,
		140.934752, 14.406539, 67.346307,
		140.621194, 13.033057, 68.655689,
		141.127101, 14.305619, 67.346307,
		140.934752, 14.406539, 67.346307
	],
	"morphTargets":[],