{
	"metadata":{
		"formatVersion": 3,
		"fileName"     : "131.json",
		"generatedBy"  : "RaidaJSONExporter",
		"vertices"     : 162,
		"faces"        : 54,
		"normals"      : 162,
		"colors"       : 162
	},
	"materials":[],
	"vertices":[
		121.325476, -31.280828, 76.155537,
		121.311116, -31.305663, 76.127659,
		121.322461, -31.369623, 76.236197,
		121.311116, -31.305663, 76.127659,
		121.308101, -31.394457, 76.208324,
		121.322461, -31.369623, 76.236197,
		121.355470, -31.235902, 76.220980,
		121.348490, -31.245564, 76.204919,
		121.348505, -31.302826, 76.264257,
		121.348490, -31.245564, 76.204919,
		121.341526, -31.312485, 76.248200,
		121.348505, -31.302826, 76.264257,
		121.435381, -31.170366, 76.451362,
		121.405383, -31.286277, 76.459403,
		121.445736, -31.170367, 76.490000,
		121.405383, -31.286277, 76.459403,
		121.415739, -31.286278, 76.498041,
		121.445736, -31.170367, 76.490000,
		121.470844, -31.585358, 77.013350,
		121.435051, -31.605486, 76.900598,
		121.462798, -31.623411, 77.022696,
		121.435051, -31.605486, 76.900598,
		121.427006, -31.643540, 76.909944,
		121.462798, -31.623411, 77.022696,
		121.465045, -31.180022, 76.572066,
		121.460820, -31.176670, 76.552809,
		121.441752, -31.256122, 76.563927,
		121.460820, -31.176670, 76.552809,
		121.437527, -31.252769, 76.544669,
		121.441752, -31.256122, 76.563927,
		121.153720, -32.021556, 76.281411,
		121.152219, -31.996722, 76.250089,
		121.110782, -32.110353, 76.213061,
		121.152219, -31.996722, 76.250089,
		121.109273, -32.085513, 76.181743,
		121.110782, -32.110353, 76.213061,
		121.115535, -32.145612, 76.267341,
		121.117518, -32.155273, 76.284738,
		121.143210, -32.078692, 76.301335,
		121.117518, -32.155273, 76.284738,
		121.145193, -32.088351, 76.318736,
		121.143210, -32.078692, 76.301335,
		121.167491, -32.135056, 76.450284,
		121.144198, -32.211154, 76.442144,
		121.171716, -32.138409, 76.469541,
		121.144198, -32.211154, 76.442144,
		121.148423, -32.214508, 76.461402,
		121.171716, -32.138409, 76.469541,
		121.253773, -32.155276, 76.793231,
		121.260753, -32.145614, 76.809292,
		121.260738, -32.088352, 76.749953,
		121.260753, -32.145614, 76.809292,
		121.267726, -32.078695, 76.766015,
		121.260738, -32.088352, 76.749953,
		121.321470, -32.040593, 76.927168,
		121.328632, -32.025797, 76.938557,
		121.318468, -31.990923, 76.864529,
		121.328632, -32.025797, 76.938557,
		121.325621, -31.976124, 76.875918,
		121.318468, -31.990923, 76.864529,
		121.387137, -31.884301, 77.010435,
		121.393611, -31.866149, 77.015787,
		121.374525, -31.857874, 76.935992,
		121.393611, -31.866149, 77.015787,
		121.380991, -31.839718, 76.941339,
		121.374525, -31.857874, 76.935992,
		121.442852, -31.705246, 77.032998,
		121.447857, -31.685930, 77.031659,
		121.422150, -31.705248, 76.955724,
		121.447857, -31.685930, 77.031659,
		121.427147, -31.685928, 76.954384,
		121.422150, -31.705248, 76.955724,
		121.481901, -31.525031, 76.992129,
		121.484822, -31.506873, 76.984264,
		121.455598, -31.551457, 76.921346,
		121.484822, -31.506873, 76.984264,
		121.458526, -31.533304, 76.913482,
		121.455598, -31.551457, 76.921346,
		121.471339, -31.400253, 76.823563,
		121.470844, -31.415054, 76.837009,
		121.500059, -31.350583, 76.879315,
		121.470844, -31.415054, 76.837009,
		121.499555, -31.365380, 76.892759,
		121.500059, -31.350583, 76.879315,
		121.464050, -31.302825, 76.695479,
		121.466033, -31.312485, 76.712876,
		121.491725, -31.235905, 76.729473,
		121.466033, -31.312485, 76.712876,
		121.493708, -31.245564, 76.746874,
		121.491725, -31.235905, 76.729473,
		121.214273, -32.135054, 76.624881,
		121.208303, -32.138408, 76.606089,
		121.198174, -32.211156, 76.643578,
		121.208303, -32.138408, 76.606089,
		121.192204, -32.214508, 76.624785,
		121.198174, -32.211156, 76.643578,
		121.394970, -31.256123, 76.389329,
		121.400940, -31.252770, 76.408122,
		121.411078, -31.180026, 76.370634,
		121.400940, -31.252770, 76.408122,
		121.417039, -31.176668, 76.389430,
		121.411078, -31.180026, 76.370634,
		121.125600, -32.182529, 76.343088,
		121.131905, -32.195745, 76.380307,
		121.164407, -32.073607, 76.375175,
		121.131905, -32.195745, 76.380307,
		121.170713, -32.086821, 76.412399,
		121.164407, -32.073607, 76.375175,
		121.173862, -32.220812, 76.562849,
		121.203860, -32.104899, 76.554812,
		121.163507, -32.220811, 76.524211,
		121.203860, -32.104899, 76.554812,
		121.193505, -32.104898, 76.516174,
		121.163507, -32.220811, 76.524211,
		121.218442, -32.195744, 76.703274,
		121.231589, -32.182529, 76.738666,
		121.236012, -32.086823, 76.656080,
		121.231589, -32.182529, 76.738666,
		121.249160, -32.073609, 76.691466,
		121.236012, -32.086823, 76.656080,
		121.298127, -32.085514, 76.886552,
		121.301150, -31.996724, 76.805887,
		121.283768, -32.110349, 76.858678,
		121.301150, -31.996724, 76.805887,
		121.286791, -32.021558, 76.778014,
		121.283768, -32.110349, 76.858678,
		121.339717, -31.916975, 76.867273,
		121.351613, -31.974931, 76.971675,
		121.353554, -31.883514, 76.884274,
		121.351613, -31.974931, 76.971675,
		121.365451, -31.941471, 76.988671,
		121.353554, -31.883514, 76.884274,
		121.400061, -31.747641, 76.917165,
		121.388414, -31.785692, 76.913091,
		121.425437, -31.767769, 77.032711,
		121.388414, -31.785692, 76.913091,
		121.413791, -31.805818, 77.028641,
		121.425437, -31.767769, 77.032711,
		121.492728, -31.449708, 76.954569,
		121.496211, -31.416246, 76.932932,
		121.450834, -31.507665, 76.858209,
		121.496211, -31.416246, 76.932932,
		121.454316, -31.474204, 76.836568,
		121.450834, -31.507665, 76.858209,
		121.499971, -31.305663, 76.832472,
		121.498470, -31.280829, 76.801150,
		121.457024, -31.394456, 76.764121,
		121.498470, -31.280829, 76.801150,
		121.455523, -31.369622, 76.732800,
		121.457024, -31.394456, 76.764121,
		121.477338, -31.195433, 76.633903,
		121.438530, -31.304357, 76.601812,
		121.483653, -31.208650, 76.671127,
		121.438530, -31.304357, 76.601812,
		121.444836, -31.317570, 76.639036,
		121.483653, -31.208650, 76.671127,
		121.377654, -31.208649, 76.275545,
		121.360084, -31.317568, 76.322744,
		121.390801, -31.195434, 76.310936,
		121.360084, -31.317568, 76.322744,
		121.373231, -31.304353, 76.358135,
		121.390801, -31.195434, 76.310936
	],
	"morphTargets":[],