{
	"metadata":{
		"formatVersion": 3,
		"fileName"     : "138.json",
		"generatedBy"  : "RaidaJSONExporter",
		"vertices"     : 185,
		"faces"        : 76,
		"normals"      : 185,
		"colors"       : 185
	},
	"materials":[],
	"vertices":[
		187.546157, -10.375001, 26.362324,
		187.546157, -19.250001, 26.362324,
		188.293289, -10.375001, 26.427689,
		188.293289, -19.250001, 26.427689,
		188.293289, -10.375001, 26.427689,
		189.385753, -10.375001, 13.940900,
		187.546157, -10.375001, 26.362324,
		189.021367, -10.375001, 13.805415,
		188.656493, -10.375001, 13.671015,
		188.175638, -19.250001, 19.167321,
		187.546157, -19.250001, 26.362324,
		188.538579, -19.250001, 19.323950,
		188.538579, -19.250001, 19.323950,
		187.546157, -19.250001, 26.362324,
		188.900994, -19.250001, 19.481726,
		187.546157, -19.250001, 26.362324,
		188.293289, -19.250001, 26.427689,
		188.900994, -19.250001, 19.481726,
		188.175638, -19.250001, 19.167321,
		188.249492, -17.925756, 18.323048,
		188.538579, -19.250001, 19.323950,
		188.249492, -17.925756, 18.323048,
		189.039352, -16.777490, 17.900157,
		188.538579, -19.250001, 19.323950,
		188.538579, -19.250001, 19.323950,
		189.039352, -16.777490, 17.900157,
		189.039352, -16.777490, 17.900157,
		188.975636, -17.922198, 18.628395,
		188.538579, -19.250001, 19.323950,
		188.538579, -19.250001, 19.323950,
		188.975636, -17.922198, 18.628395,
		188.900994, -19.250001, 19.481726,
		189.385753, -10.375001, 13.940900,
		189.021367, -10.375001, 13.805415,
		189.319803, -11.619326, 14.694735,
		189.319803, -11.619326, 14.694735,
		189.021367, -10.375001, 13.805415,
		188.531896, -12.733306, 15.095192,
		189.021367, -10.375001, 13.805415,
		188.656493, -10.375001, 13.671015,
		188.531896, -12.733306, 15.095192,
		188.249492, -17.925756, 18.323048,
		188.262182, -17.695804, 18.177920,
		189.039352, -16.777490, 17.900157,
		188.262182, -17.695804, 18.177920,
		188.322820, -16.597700, 17.484880,
		189.039352, -16.777490, 17.900157,
		189.039352, -16.777490, 17.900157,
		188.322820, -16.597700, 17.484880,
		189.049771, -16.590526, 17.781213,
		188.322820, -16.597700, 17.484880,
		189.049771, -16.590526, 17.781213,
		189.049771, -16.590526, 17.781213,
		188.322820, -16.597700, 17.484880,
		189.118199, -15.348706, 16.998966,
		188.322820, -16.597700, 17.484880,
		188.390835, -15.353747, 16.707529,
		189.118199, -15.348706, 16.998966,
		189.118199, -15.348706, 16.998966,
		188.390835, -15.353747, 16.707529,
		189.132692, -15.083336, 16.833405,
		188.390835, -15.353747, 16.707529,
		188.395678, -15.264093, 16.652043,
		189.132692, -15.083336, 16.833405,
		189.132692, -15.083336, 16.833405,
		188.395678, -15.264093, 16.652043,
		188.395678, -15.264093, 16.652043,
		188.399770, -15.188814, 16.605453,
		189.132692, -15.083336, 16.833405,
		189.132692, -15.083336, 16.833405,
		188.399770, -15.188814, 16.605453,
		189.176339, -14.283658, 16.334496,
		188.399770, -15.188814, 16.605453,
		188.458211, -14.109202, 15.937288,
		189.176339, -14.283658, 16.334496,
		189.176339, -14.283658, 16.334496,
		188.458211, -14.109202, 15.937288,
		189.186026, -14.106221, 16.223796,
		188.458211, -14.109202, 15.937288,
		189.186026, -14.106221, 16.223796,
		189.186026, -14.106221, 16.223796,
		188.458211, -14.109202, 15.937288,
		189.253215, -12.863095, 15.455720,
		188.458211, -14.109202, 15.937288,
		188.524987, -12.864013, 15.174127,
		189.253215, -12.863095, 15.455720,
		189.253215, -12.863095, 15.455720,
		188.524987, -12.864013, 15.174127,
		188.524987, -12.864013, 15.174127,
		188.531896, -12.733306, 15.095192,
		189.253215, -12.863095, 15.455720,
		189.253215, -12.863095, 15.455720,
		188.531896, -12.733306, 15.095192,
		189.308070, -11.838323, 14.828726,
		188.531896, -12.733306, 15.095192,
		189.319803, -11.619326, 14.694735,
		189.308070, -11.838323, 14.828726,
		188.656493, -10.375001, 13.671015,
		188.531896, -12.733306, 15.095192,
		187.546157, -10.375001, 26.362324,
		188.531896, -12.733306, 15.095192,
		188.524987, -12.864013, 15.174127,
		187.546157, -10.375001, 26.362324,
		187.546157, -10.375001, 26.362324,
		188.524987, -12.864013, 15.174127,
		188.524987, -12.864013, 15.174127,
		188.458211, -14.109202, 15.937288,
		187.546157, -10.375001, 26.362324,
		188.458211, -14.109202, 15.937288,
		188.458211, -14.109202, 15.937288,
		188.399770, -15.188814, 16.605453,
		187.546157, -10.375001, 26.362324,
		188.399770, -15.188814, 16.605453,
		188.399770, -15.188814, 16.605453,
		188.395678, -15.264093, 16.652043,
		187.546157, -10.375001, 26.362324,
		188.395678, -15.264093, 16.652043,
		188.395678, -15.264093, 16.652043,
		188.390835, -15.353747, 16.707529,
		187.546157, -10.375001, 26.362324,
		188.390835, -15.353747, 16.707529,
		188.390835, -15.353747, 16.707529,
		188.322820, -16.597700, 17.484880,
		187.546157, -10.375001, 26.362324,
		188.322820, -16.597700, 17.484880,
		188.322820, -16.597700, 17.484880,
		188.262182, -17.695804, 18.177920,
		187.546157, -10.375001, 26.362324,
		188.262182, -17.695804, 18.177920,
		188.262182, -17.695804, 18.177920,
		188.249492, -17.925756, 18.323048,
		187.546157, -10.375001, 26.362324,
		188.249492, -17.925756, 18.323048,
		188.249492, -17.925756, 18.323048,
		188.175638, -19.250001, 19.167321,
		187.546157, -10.375001, 26.362324,
		187.546157, -10.375001, 26.362324,
		188.175638, -19.250001, 19.167321,
		187.546157, -19.250001, 26.362324,
		188.293289, -19.250001, 26.427689,
		188.293289, -10.375001, 26.427689,
		188.900994, -19.250001, 19.481726,
		188.900994, -19.250001, 19.481726,
		188.293289, -10.375001, 26.427689,
		188.975636, -17.922198, 18.628395,
		188.293289, -10.375001, 26.427689,
		188.975636, -17.922198, 18.628395,
		188.975636, -17.922198, 18.628395,
		188.293289, -10.375001, 26.427689,
		189.039352, -16.777490, 17.900157,
		189.039352, -16.777490, 17.900157,
		189.039352, -16.777490, 17.900157,
		188.293289, -10.375001, 26.427689,
		189.049771, -16.590526, 17.781213,
		189.049771, -16.590526, 17.781213,
		189.049771, -16.590526, 17.781213,
		188.293289, -10.375001, 26.427689,
		189.118199, -15.348706, 16.998966,
		189.118199, -15.348706, 16.998966,
		189.118199, -15.348706, 16.998966,
		188.293289, -10.375001, 26.427689,
		189.132692, -15.083336, 16.833405,
		189.132692, -15.083336, 16.833405,
		189.132692, -15.083336, 16.833405,
		188.293289, -10.375001, 26.427689,
		189.176339, -14.283658, 16.334496,
		189.176339, -14.283658, 16.334496,
		189.176339, -14.283658, 16.334496,
		188.293289, -10.375001, 26.427689,
		189.186026, -14.106221, 16.223796,
		189.186026, -14.106221, 16.223796,
		189.186026, -14.106221, 16.223796,
		188.293289, -10.375001, 26.427689,
		189.253215, -12.863095, 15.455720,
		189.253215, -12.863095, 15.455720,
		189.253215, -12.863095, 15.455720,
		188.293289, -10.375001, 26.427689,
		189.308070, -11.838323, 14.828726,
		189.308070, -11.838323, 14.828726,
		189.308070, -11.838323, 14.828726,
		188.293289, -10.375001, 26.427689,
		189.319803, -11.619326, 14.694735,
		188.293289, -10.375001, 26.427689,
		189.385753, -10.375001, 13.940900,
		189.319803, -11.619326, 14.694735
	],
	"morphTargets":[],