{
	"metadata":{
		"formatVersion": 3,
		"fileName"     : "14.json",
		"generatedBy"  : "RaidaJSONExporter",
		"vertices"     : 59,
		"faces"        : 21,
		"normals"      : 59,
		"colors"       : 59
	},
	"materials":[],
	"vertices":[
		120.404031, -14.702940, 73.908730,
		120.090209, -14.114136, 73.347102,
		120.403906, -14.716600, 73.894123,
		120.090209, -14.114136, 73.347102,
		120.099597, -14.104718, 73.351906,
		120.404031, -14.702940, 73.908730,
		120.404031, -14.702940, 73.908730,
		120.099597, -14.104718, 73.351906,
		120.413420, -14.693522, 73.913535,
		120.413169, -14.720842, 73.884321,
		120.099472, -14.118378, 73.337299,
		120.403906, -14.716600, 73.894123,
		120.403906, -14.716600, 73.894123,
		120.099472, -14.118378, 73.337299,
		120.090209, -14.114136, 73.347102,
		120.436745, -14.687051, 73.907283,
		120.413420, -14.693522, 73.913535,
		120.122922, -14.098247, 73.345654,
		120.122922, -14.098247, 73.345654,
		120.413420, -14.693522, 73.913535,
		120.099597, -14.104718, 73.351906,
		120.436495, -14.714372, 73.878069,
		120.436745, -14.687051, 73.907283,
		120.122797, -14.111907, 73.331048,
		120.122797, -14.111907, 73.331048,
		120.436745, -14.687051, 73.907283,
		120.122922, -14.098247, 73.345654,
		120.099472, -14.118378, 73.337299,
		120.413169, -14.720842, 73.884321,
		120.122797, -14.111907, 73.331048,
		120.122797, -14.111907, 73.331048,
		120.413169, -14.720842, 73.884321,
		120.436495, -14.714372, 73.878069,
		120.436495, -14.714372, 73.878069,
		120.413169, -14.720842, 73.884321,
		120.436745, -14.687051, 73.907283,
		120.436745, -14.687051, 73.907283,
		120.413169, -14.720842, 73.884321,
		120.413169, -14.720842, 73.884321,
		120.403906, -14.716600, 73.894123,
		120.436745, -14.687051, 73.907283,
		120.403906, -14.716600, 73.894123,
		120.403906, -14.716600, 73.894123,
		120.404031, -14.702940, 73.908730,
		120.436745, -14.687051, 73.907283,
		120.436745, -14.687051, 73.907283,
		120.404031, -14.702940, 73.908730,
		120.413420, -14.693522, 73.913535,
		120.122797, -14.111907, 73.331048,
		120.122922, -14.098247, 73.345654,
		120.099472, -14.118378, 73.337299,
		120.099472, -14.118378, 73.337299,
		120.122922, -14.098247, 73.345654,
		120.122922, -14.098247, 73.345654,
		120.099597, -14.104718, 73.351906,
		120.099472, -14.118378, 73.337299,
		120.099472, -14.118378, 73.337299,
		120.099597, -14.104718, 73.351906,
		120.090209, -14.114136, 73.347102
	],
	"morphTargets":[],
	"normals":[
		-0.933013, -0.258804, 0.250016,
		-0.933013, -0.258804, 0.250016,
		-0.933013, -0.258804, 0.250016,
		0.658378, -0.305323, -0.687980,
		0.658378, -0.305323, -0.687980,
		0.658378, -0.305323, -0.687980,
		0.658378, -0.305323, -0.687980,
		0.658378, -0.305323, -0.687980,
		0.658378, -0.305323, -0.687980,
		0.667159, 0.660364, 0.344701,
		0.667159, 0.660364, 0.344701,
		0.667159, 0.660364, 0.344701,
		0.667160, 0.660363, 0.344700,
		0.667160, 0.660363, 0.344700,
		0.667160, 0.660363, 0.344700,
		-0.002137, -0.690806, -0.723037,
		-0.002137, -0.690806, -0.723037,
		-0.002137, -0.690806, -0.723037,
		-0.002138, -0.690806, -0.723037,
		-0.002138, -0.690806, -0.723037,
		-0.002138, -0.690806, -0.723037,
		-0.933013, -0.258798, 0.250021,
		-0.933013, -0.258798, 0.250021,
		-0.933013, -0.258798, 0.250021,
		-0.933013, -0.258804, 0.250016,
		-0.933013, -0.258804, 0.250016,
		-0.933013, -0.258804, 0.250016,
		0.010389, 0.675144, 0.737613,
		0.010389, 0.675144, 0.737613,
		0.010389, 0.675144, 0.737613,
		0.010420, 0.675152, 0.737605,
		0.010420, 0.675152, 0.737605,
		0.010420, 0.675152, 0.737605,
		-0.359804, 0.682995, -0.635656,
		-0.359804, 0.682995, -0.635656,
		-0.359804, 0.682995, -0.635656,
		0.000000, 0.000000, 0.000000,
		0.000000, 0.000000, 0.000000,
		-0.359873, 0.683008, -0.635603,
		-0.359873, 0.683008, -0.635603,
		-0.359873, 0.683008, -0.635603,
		0.000000, 0.000000, 0.000000,
		-0.359850, 0.682995, -0.635630,
		-0.359850, 0.682995, -0.635630,
		-0.359850, 0.682995, -0.635630,
		-0.359831, 0.682950, -0.635689,
		-0.359831, 0.682950, -0.635689,
		-0.359831, 0.682950, -0.635689,
		0.359831, -0.683000, 0.635636,
		0.359831, -0.683000, 0.635636,
		0.359831, -0.683000, 0.635636,
		0.000000, 0.000000, 0.000000,
		0.000000, 0.000000, 0.000000,
		0.359832, -0.683001, 0.635635,
		0.359832, -0.683001, 0.635635,
		0.359832, -0.683001, 0.635635,
		0.359900, -0.682982, 0.635616,
		0.359900, -0.682982, 0.635616,
		0.359900, -0.682982, 0.635616
	],
	"colors":[
		16711680,
		16711680,
		16711680,
		16711680,
		16711680,
		16711680,
		16711680,
		16711680,
		16711680,
		16711680,
		16711680,
		16711680,
		16711680,
		16711680,
		16711680,
		16711680,
		16711680,
		16711680,
		16711680,
		16711680,
		16711680,
		16711680,
		16711680,
		16711680,
		16711680,
		16711680,
		16711680,
		16711680,
		16711680,
		16711680,
		16711680,
		16711680,
		16711680,
		16711680,
		16711680,
		16711680,
		16711680,
		16711680,
		16711680,
		16711680,
		16711680,
		16711680,
		16711680,
		16711680,
		16711680,
		16711680,
		16711680,
		16711680,
		16711680,
		16711680,
		16711680,
		16711680,
		16711680,
		16711680,
		16711680,
		16711680,
		16711680,
		16711680,
		16711680
	],
	"uvs":[[]],
	"faces":[
		160, 0, 1, 2, 0, 1, 2, 0, 1, 2,
		160, 3, 4, 5, 3, 4, 5, 3, 4, 5,
		160, 6, 7, 8, 6, 7, 8, 6, 7, 8,
		160, 9, 10, 11, 9, 10, 11, 9, 10, 11,
		160, 12, 13, 14, 12, 13, 14, 12, 13, 14,
		160, 15, 16, 17, 15, 16, 17, 15, 16, 17,
		160, 18, 19, 20, 18, 19, 20, 18, 19, 20,
		160, 21, 22, 23, 21, 22, 23, 21, 22, 23,
		160, 24, 25, 26, 24, 25, 26, 24, 25, 26,
		160, 27, 28, 29, 27, 28, 29, 27, 28, 29,
		160, 30, 31, 32, 30, 31, 32, 30, 31, 32,
		160, 33, 34, 35, 33, 34, 35, 33, 34, 35,
		160, 36, 37, 36, 36, 37, 36, 36, 37, 36,
		160, 38, 39, 40, 38, 39, 40, 38, 39, 40,
		160, 36, 41, 36, 36, 41, 36, 36, 41, 36,
		160, 42, 43, 44, 42, 43, 44, 42, 43, 44,
		160, 45, 46, 47, 45, 46, 47, 45, 46, 47,
		160, 48, 49, 50, 48, 49, 50, 48, 49, 50,
		160, 51, 52, 51, 51, 52, 51, 51, 52, 51,
		160, 53, 54, 55, 53, 54, 55, 53, 54, 55,
		160, 56, 57, 58, 56, 57, 58, 56, 57, 58
	]
}
