{
	"metadata":{
		"formatVersion": 3,
		"fileName"     : "141.json",
		"generatedBy"  : "RaidaJSONExporter",
		"vertices"     : 90,
		"faces"        : 34,
		"normals"      : 90,
		"colors"       : 90
	},
	"materials":[],
	"vertices":[
		117.217053, -15.770537, 69.425677,
		117.224550, -15.846993, 69.453657,
		117.243278, -15.885061, 69.523548,
		117.529403, -13.789333, 70.591382,
		117.217053, -13.789333, 69.425677,
		117.576213, -13.789333, 70.578839,
		117.576213, -13.789333, 70.578839,
		117.217053, -13.789333, 69.425677,
		117.263864, -13.789333, 69.413134,
		117.576213, -15.890381, 70.578839,
		117.576213, -13.789333, 70.578839,
		117.263864, -15.770537, 69.413134,
		117.263864, -15.770537, 69.413134,
		117.576213, -13.789333, 70.578839,
		117.263864, -13.789333, 69.413134,
		117.576213, -13.789333, 70.578839,
		117.576213, -15.890381, 70.578839,
		117.529403, -13.789333, 70.591382,
		117.529403, -15.890381, 70.591382,
		117.576213, -15.890381, 70.578839,
		117.529403, -15.890381, 70.591382,
		117.529403, -15.890381, 70.591382,
		117.576213, -15.890381, 70.578839,
		117.519328, -15.976800, 70.553780,
		117.576213, -15.890381, 70.578839,
		117.566138, -15.976800, 70.541237,
		117.519328, -15.976800, 70.553780,
		117.519328, -15.976800, 70.553780,
		117.566138, -15.976800, 70.541237,
		117.495900, -16.004906, 70.466346,
		117.566138, -15.976800, 70.541237,
		117.542710, -16.004906, 70.453804,
		117.495900, -16.004906, 70.466346,
		117.495900, -16.004906, 70.466346,
		117.542710, -16.004906, 70.453804,
		117.542710, -16.004906, 70.453804,
		117.290088, -15.885061, 69.511005,
		117.495900, -16.004906, 70.466346,
		117.495900, -16.004906, 70.466346,
		117.290088, -15.885061, 69.511005,
		117.243278, -15.885061, 69.523548,
		117.290088, -15.885061, 69.511005,
		117.243278, -15.885061, 69.523548,
		117.243278, -15.885061, 69.523548,
		117.290088, -15.885061, 69.511005,
		117.224550, -15.846993, 69.453657,
		117.290088, -15.885061, 69.511005,
		117.271361, -15.846993, 69.441114,
		117.224550, -15.846993, 69.453657,
		117.224550, -15.846993, 69.453657,
		117.271361, -15.846993, 69.441114,
		117.217053, -15.770537, 69.425677,
		117.263864, -15.770537, 69.413134,
		117.217053, -15.770537, 69.425677,
		117.263864, -15.770537, 69.413134,
		117.263864, -15.770537, 69.413134,
		117.263864, -13.789333, 69.413134,
		117.217053, -15.770537, 69.425677,
		117.217053, -13.789333, 69.425677,
		117.566138, -15.976800, 70.541237,
		117.576213, -15.890381, 70.578839,
		117.542710, -16.004906, 70.453804,
		117.542710, -16.004906, 70.453804,
		117.576213, -15.890381, 70.578839,
		117.290088, -15.885061, 69.511005,
		117.576213, -15.890381, 70.578839,
		117.263864, -15.770537, 69.413134,
		117.290088, -15.885061, 69.511005,
		117.290088, -15.885061, 69.511005,
		117.263864, -15.770537, 69.413134,
		117.271361, -15.846993, 69.441114,
		117.217053, -13.789333, 69.425677,
		117.529403, -13.789333, 70.591382,
		117.217053, -15.770537, 69.425677,
		117.217053, -15.770537, 69.425677,
		117.529403, -13.789333, 70.591382,
		117.529403, -13.789333, 70.591382,
		117.529403, -15.890381, 70.591382,
		117.217053, -15.770537, 69.425677,
		117.217053, -15.770537, 69.425677,
		117.529403, -15.890381, 70.591382,
		117.243278, -15.885061, 69.523548,
		117.529403, -15.890381, 70.591382,
		117.243278, -15.885061, 69.523548,
		117.243278, -15.885061, 69.523548,
		117.529403, -15.890381, 70.591382,
		117.495900, -16.004906, 70.466346,
		117.529403, -15.890381, 70.591382,
		117.519328, -15.976800, 70.553780,
		117.495900, -16.004906, 70.466346
	],
	"morphTargets":[],
	"normals":[
		-0.965926, -0.000000, 0.258819,
		-0.965926, -0.000000, 0.258819,
		-0.965926, -0.000000, 0.258819,
		0.000000, -1.000000, -0.000000,
		0.000000, -1.000000, -0.000000,
		0.000000, -1.000000, -0.000000,
		0.000000, -1.000000, 0.000000,
		0.000000, -1.000000, 0.000000,
		0.000000, -1.000000, 0.000000,
		-0.965926, 0.000000, 0.258819,
		-0.965926, 0.000000, 0.258819,
		-0.965926, 0.000000, 0.258819,
		-0.965926, 0.000000, 0.258819,
		-0.965926, 0.000000, 0.258819,
		-0.965926, 0.000000, 0.258819,
		-0.258819, -0.000000, -0.965926,
		-0.258819, -0.000000, -0.965926,
		-0.258819, -0.000000, -0.965926,
		-0.258819, -0.000000, -0.965926,
		0.000000, -0.000000, 0.000000,
		0.000000, -0.000000, 0.000000,
		-0.235981, 0.410718, -0.880695,
		-0.235981, 0.410718, -0.880695,
		-0.235981, 0.410718, -0.880695,
		-0.235981, 0.410718, -0.880695,
		-0.235981, 0.410718, -0.880695,
		-0.235981, 0.410718, -0.880695,
		-0.076751, 0.955020, -0.286437,
		-0.076751, 0.955020, -0.286437,
		-0.076751, 0.955020, -0.286437,
		-0.076751, 0.955020, -0.286437,
		-0.076751, 0.955020, -0.286437,
		-0.076751, 0.955020, -0.286437,
		0.000000, -0.000000, 0.000000,
		0.000000, -0.000000, 0.000000,
		0.031542, 0.992546, 0.117717,
		0.031542, 0.992546, 0.117717,
		0.031542, 0.992546, 0.117717,
		0.031542, 0.992546, 0.117717,
		0.031542, 0.992546, 0.117717,
		0.031542, 0.992546, 0.117717,
		0.000000, -0.000000, 0.000000,
		0.000000, -0.000000, 0.000000,
		0.120510, 0.884988, 0.449749,
		0.120510, 0.884988, 0.449749,
		0.120510, 0.884988, 0.449749,
		0.120510, 0.884988, 0.449749,
		0.120510, 0.884988, 0.449749,
		0.120510, 0.884988, 0.449749,
		0.242031, 0.354291, 0.903271,
		0.242031, 0.354291, 0.903271,
		0.242031, 0.354291, 0.903271,
		0.242031, 0.354291, 0.903271,
		0.000000, -0.000000, 0.000000,
		0.000000, -0.000000, 0.000000,
		0.258819, -0.000000, 0.965926,
		0.258819, -0.000000, 0.965926,
		0.258819, -0.000000, 0.965926,
		0.258819, -0.000000, 0.965926,
		-0.965926, -0.000000, 0.258819,
		-0.965926, -0.000000, 0.258819,
		-0.965926, -0.000000, 0.258819,
		-0.965926, 0.000000, 0.258819,
		-0.965926, 0.000000, 0.258819,
		-0.965926, 0.000000, 0.258819,
		-0.965926, 0.000000, 0.258819,
		-0.965926, 0.000000, 0.258819,
		-0.965926, 0.000000, 0.258819,
		-0.965926, -0.000000, 0.258819,
		-0.965926, -0.000000, 0.258819,
		-0.965926, -0.000000, 0.258819,
		0.965926, 0.000000, -0.258819,
		0.965926, 0.000000, -0.258819,
		0.965926, 0.000000, -0.258819,
		0.000000, 0.000000, 0.000000,
		0.000000, 0.000000, 0.000000,
		0.965926, 0.000000, -0.258819,
		0.965926, 0.000000, -0.258819,
		0.965926, 0.000000, -0.258819,
		0.965926, -0.000000, -0.258819,
		0.965926, -0.000000, -0.258819,
		0.965926, -0.000000, -0.258819,
		-0.000000, 0.000000, 0.000000,
		-0.000000, 0.000000, 0.000000,
		0.965926, -0.000000, -0.258819,
		0.965926, -0.000000, -0.258819,
		0.965926, -0.000000, -0.258819,
		0.965926, 0.000000, -0.258819,
		0.965926, 0.000000, -0.258819,
		0.965926, 0.000000, -0.258819
	],
	"colors":[
		255,
		255,
		255,
		255,
		255,
		255,
		255,
		255,
		255,
		255,
		255,
		255,
		255,
		255,
		255,
		255,
		255,
		255,
		255,
		255,
		255,
		255,
		255,
		255,
		255,
		255,
		255,
		255,
		255,
		255,
		255,
		255,
		255,
		255,
		255,
		255,
		255,
		255,
		255,
		255,
		255,
		255,
		255,
		255,
		255,
		255,
		255,
		255,
		255,
		255,
		255,
		255,
		255,
		255,
		255,
		255,
		255,
		255,
		255,
		255,
		255,
		255,
		255,
		255,
		255,
		255,
		255,
		255,
		255,
		255,
		255,
		255,
		255,
		255,
		255,
		255,
		255,
		255,
		255,
		255,
		255,
		255,
		255,
		255,
		255,
		255,
		255,
		255,
		255,
		255
	],
	"uvs":[[]],