{
	"metadata":{
		"formatVersion": 3,
		"fileName"     : "15.json",
		"generatedBy"  : "RaidaJSONExporter",
		"vertices"     : 102,
		"faces"        : 38,
		"normals"      : 102,
		"colors"       : 102
	},
	"materials":[],
	"vertices":[
		152.659998, 25.999998, 43.386576,
		140.537109, 11.883722, 42.325961,
		152.989542, 25.999998, 43.415407,
		140.537109, 11.883722, 42.325961,
		140.537109, 11.499999, 42.325961,
		152.989542, 25.999998, 43.415407,
		140.537109, 11.499999, 22.249564,
		140.537109, 11.499999, 42.325961,
		140.537109, 11.883722, 22.266158,
		140.537109, 11.499999, 42.325961,
		140.537109, 11.883722, 42.325961,
		140.537109, 11.883722, 22.266158,
		152.989542, 25.999998, 43.415407,
		152.989542, 25.999998, 23.339012,
		152.659998, 25.999998, 43.386576,
		152.659998, 25.999998, 23.326775,
		151.496863, 24.645598, 25.228259,
		151.686518, 24.482720, 25.228259,
		151.496863, 24.645598, 41.298161,
		151.686518, 24.482720, 41.298161,
		140.537109, 11.499999, 22.249564,
		140.537109, 11.883722, 22.266158,
		152.989542, 25.999998, 23.339012,
		140.537109, 11.883722, 22.266158,
		152.659998, 25.999998, 23.326775,
		152.989542, 25.999998, 23.339012,
		141.650467, 13.180155, 40.436714,
		151.496863, 24.645598, 41.298161,
		141.840132, 13.017278, 40.436714,
		151.496863, 24.645598, 41.298161,
		151.686518, 24.482720, 41.298161,
		141.840132, 13.017278, 40.436714,
		151.686518, 24.482720, 25.228259,
		151.496863, 24.645598, 25.228259,
		141.840132, 13.017278, 24.366810,
		151.496863, 24.645598, 25.228259,
		141.650467, 13.180155, 24.366810,
		141.840132, 13.017278, 24.366810,
		141.840132, 13.017278, 40.436714,
		141.840132, 13.017278, 24.366810,
		141.650467, 13.180155, 40.436714,
		141.650467, 13.180155, 24.366810,
		141.650467, 13.180155, 40.436714,
		140.537109, 11.883722, 42.325961,
		151.496863, 24.645598, 41.298161,
		140.537109, 11.883722, 42.325961,
		152.659998, 25.999998, 43.386576,
		151.496863, 24.645598, 41.298161,
		151.496863, 24.645598, 41.298161,
		152.659998, 25.999998, 43.386576,
		152.659998, 25.999998, 43.386576,
		152.659998, 25.999998, 23.326775,
		151.496863, 24.645598, 41.298161,
		151.496863, 24.645598, 41.298161,
		152.659998, 25.999998, 23.326775,
		151.496863, 24.645598, 25.228259,
		152.659998, 25.999998, 23.326775,
		151.496863, 24.645598, 25.228259,
		151.496863, 24.645598, 25.228259,
		152.659998, 25.999998, 23.326775,
		141.650467, 13.180155, 24.366810,
		152.659998, 25.999998, 23.326775,
		140.537109, 11.883722, 22.266158,
		141.650467, 13.180155, 24.366810,
		141.650467, 13.180155, 24.366810,
		140.537109, 11.883722, 22.266158,
		140.537109, 11.883722, 22.266158,
		140.537109, 11.883722, 42.325961,
		141.650467, 13.180155, 24.366810,
		141.650467, 13.180155, 24.366810,
		140.537109, 11.883722, 42.325961,
		141.650467, 13.180155, 40.436714,
		151.686518, 24.482720, 41.298161,
		141.840132, 13.017278, 40.436714,
		140.537109, 11.499999, 42.325961,
		140.537109, 11.499999, 42.325961,
		141.840132, 13.017278, 40.436714,
		141.840132, 13.017278, 40.436714,
		141.840132, 13.017278, 24.366810,
		140.537109, 11.499999, 42.325961,
		140.537109, 11.499999, 42.325961,
		141.840132, 13.017278, 24.366810,
		140.537109, 11.499999, 22.249564,
		141.840132, 13.017278, 24.366810,
		140.537109, 11.499999, 22.249564,
		140.537109, 11.499999, 22.249564,
		141.840132, 13.017278, 24.366810,
		152.989542, 25.999998, 23.339012,
		141.840132, 13.017278, 24.366810,
		151.686518, 24.482720, 25.228259,
		152.989542, 25.999998, 23.339012,
		152.989542, 25.999998, 23.339012,
		151.686518, 24.482720, 25.228259,
		151.686518, 24.482720, 25.228259,
		151.686518, 24.482720, 41.298161,
		152.989542, 25.999998, 23.339012,
		152.989542, 25.999998, 23.339012,
		151.686518, 24.482720, 41.298161,
		152.989542, 25.999998, 43.415407,
		151.686518, 24.482720, 41.298161,
		140.537109, 11.499999, 42.325961,
		152.989542, 25.999998, 43.415407
	],
	"morphTargets":[],
	"normals":[
		-0.087155, -0.000001, 0.996195,
		-0.087155, -0.000001, 0.996195,
		-0.087155, -0.000001, 0.996195,
		-0.087156, 0.000000, 0.996195,
		-0.087156, 0.000000, 0.996195,
		-0.087156, 0.000000, 0.996195,
		-1.000000, 0.000000, 0.000000,
		-1.000000, 0.000000, 0.000000,
		-1.000000, 0.000000, 0.000000,
		-1.000000, 0.000000, 0.000000,
		-1.000000, 0.000000, 0.000000,
		-1.000000, 0.000000, 0.000000,
		0.000000, 1.000000, 0.000000,
		0.000000, 1.000000, 0.000000,
		0.000000, 1.000000, 0.000000,
		0.000000, 1.000000, 0.000000,
		-0.651521, -0.758630, 0.000000,
		-0.651521, -0.758630, 0.000000,
		-0.651521, -0.758630, 0.000000,
		-0.651521, -0.758630, 0.000000,
		0.037074, 0.043174, -0.998379,
		0.037074, 0.043174, -0.998379,
		0.037074, 0.043174, -0.998379,
		0.037074, 0.043174, -0.998379,
		0.037074, 0.043174, -0.998379,
		0.037074, 0.043174, -0.998379,
		0.037075, 0.043173, -0.998379,
		0.037075, 0.043173, -0.998379,
		0.037075, 0.043173, -0.998379,
		0.037076, 0.043172, -0.998379,
		0.037076, 0.043172, -0.998379,
		0.037076, 0.043172, -0.998379,
		-0.037076, -0.043172, 0.998379,
		-0.037076, -0.043172, 0.998379,
		-0.037076, -0.043172, 0.998379,
		-0.037075, -0.043173, 0.998379,
		-0.037075, -0.043173, 0.998379,
		-0.037075, -0.043173, 0.998379,
		0.651499, 0.758650, 0.000000,
		0.651499, 0.758650, 0.000000,
		0.651499, 0.758650, 0.000000,
		0.651499, 0.758650, 0.000000,
		-0.758639, 0.651511, 0.000002,
		-0.758639, 0.651511, 0.000002,
		-0.758639, 0.651511, 0.000002,
		-0.758639, 0.651511, -0.000003,
		-0.758639, 0.651511, -0.000003,
		-0.758639, 0.651511, -0.000003,
		0.000000, 0.000000, 0.000000,
		0.000000, 0.000000, 0.000000,
		-0.758642, 0.651508, 0.000000,
		-0.758642, 0.651508, 0.000000,
		-0.758642, 0.651508, 0.000000,
		-0.758642, 0.651508, 0.000000,
		-0.758642, 0.651508, 0.000000,
		-0.758642, 0.651508, 0.000000,
		0.000000, -0.000000, 0.000000,
		0.000000, -0.000000, 0.000000,
		-0.758639, 0.651511, 0.000003,
		-0.758639, 0.651511, 0.000003,
		-0.758639, 0.651511, 0.000003,
		-0.758639, 0.651511, -0.000001,
		-0.758639, 0.651511, -0.000001,
		-0.758639, 0.651511, -0.000001,
		0.000000, 0.000000, 0.000000,
		0.000000, 0.000000, 0.000000,
		-0.758640, 0.651510, 0.000000,
		-0.758640, 0.651510, 0.000000,
		-0.758640, 0.651510, 0.000000,
		-0.758640, 0.651510, 0.000000,
		-0.758640, 0.651510, 0.000000,
		-0.758640, 0.651510, 0.000000,
		-0.758639, 0.651511, -0.000001,
		-0.758639, 0.651511, -0.000001,
		-0.758639, 0.651511, -0.000001,
		0.000000, -0.000000, 0.000000,
		0.000000, -0.000000, 0.000000,
		-0.758639, 0.651511, 0.000000,
		-0.758639, 0.651511, 0.000000,
		-0.758639, 0.651511, 0.000000,
		-0.758639, 0.651511, 0.000000,
		-0.758639, 0.651511, 0.000000,
		-0.758639, 0.651511, 0.000000,
		0.000000, 0.000000, 0.000000,
		0.000000, 0.000000, 0.000000,
		-0.758639, 0.651511, 0.000001,
		-0.758639, 0.651511, 0.000001,
		-0.758639, 0.651511, 0.000001,
		-0.758639, 0.651511, -0.000001,
		-0.758639, 0.651511, -0.000001,
		-0.758639, 0.651511, -0.000001,
		-0.000000, 0.000000, 0.000000,
		-0.000000, 0.000000, 0.000000,
		-0.758639, 0.651511, 0.000000,
		-0.758639, 0.651511, 0.000000,
		-0.758639, 0.651511, 0.000000,
		-0.758639, 0.651511, 0.000000,
		-0.758639, 0.651511, 0.000000,
		-0.758639, 0.651511, 0.000000,
		-0.758639, 0.651511, 0.000001,
		-0.758639, 0.651511, 0.000001,
		-0.758639, 0.651511, 0.000001
	],