{
	"metadata":{
		"formatVersion": 3,
		"fileName"     : "155.json",
		"generatedBy"  : "RaidaJSONExporter",
		"vertices"     : 30,
		"faces"        : 12,
		"normals"      : 30,
		"colors"       : 30
	},
	"materials":[],
	"vertices":[
		151.116445, 23.818912, 40.371868,
		151.021612, 23.900350, 40.371868,
		142.410196, 13.681088, 39.610168,
		151.021612, 23.900350, 40.371868,
		142.315374, 13.762527, 39.610168,
		142.410196, 13.681088, 39.610168,
		142.410196, 13.681088, 39.610168,
		142.315374, 13.762527, 39.610168,
		142.410196, 13.681088, 25.293106,
		142.315374, 13.762527, 25.293106,
		151.116445, 23.818912, 26.054805,
		151.021612, 23.900350, 26.054805,
		151.116445, 23.818912, 40.371868,
		151.021612, 23.900350, 40.371868,
		151.116445, 23.818912, 40.371868,
		142.410196, 13.681088, 39.610168,
		151.116445, 23.818912, 26.054805,
		142.410196, 13.681088, 25.293106,
		142.315374, 13.762527, 25.293106,
		142.315374, 13.762527, 39.610168,
		151.021612, 23.900350, 26.054805,
		142.315374, 13.762527, 39.610168,
		151.021612, 23.900350, 40.371868,
		151.021612, 23.900350, 26.054805,
		142.315374, 13.762527, 25.293106,
		151.021612, 23.900350, 26.054805,
		142.410196, 13.681088, 25.293106,
		151.021612, 23.900350, 26.054805,
		151.116445, 23.818912, 26.054805,
		142.410196, 13.681088, 25.293106
	],
	"morphTargets":[],
	"normals":[
		-0.037075, -0.043173, 0.998379,
		-0.037075, -0.043173, 0.998379,
		-0.037075, -0.043173, 0.998379,
		-0.037077, -0.043171, 0.998379,
		-0.037077, -0.043171, 0.998379,
		-0.037077, -0.043171, 0.998379,
		-0.651538, -0.758616, -0.000000,
		-0.651538, -0.758616, -0.000000,
		-0.651538, -0.758616, -0.000000,
		-0.651538, -0.758616, -0.000000,
		0.651495, 0.758653, -0.000000,
		0.651495, 0.758653, -0.000000,
		0.651495, 0.758653, -0.000000,
		0.651495, 0.758653, -0.000000,
		0.758639, -0.651511, 0.000000,
		0.758639, -0.651511, 0.000000,
		0.758639, -0.651511, 0.000000,
		0.758639, -0.651511, 0.000000,
		-0.758640, 0.651510, 0.000000,
		-0.758640, 0.651510, 0.000000,
		-0.758640, 0.651510, 0.000000,
		-0.758640, 0.651510, 0.000000,
		-0.758640, 0.651510, 0.000000,
		-0.758640, 0.651510, 0.000000,
		0.037077, 0.043171, -0.998379,
		0.037077, 0.043171, -0.998379,
		0.037077, 0.043171, -0.998379,
		0.037075, 0.043173, -0.998379,
		0.037075, 0.043173, -0.998379,
		0.037075, 0.043173, -0.998379
	],
	"colors":[
		8994623,
		8994623,
		8994623,
		8994623,
		8994623,
		8994623,
		8994623,
		8994623,
		8994623,
		8994623,
		8994623,
		8994623,
		8994623,
		8994623,
		8994623,
		8994623,
		8994623,
		8994623,
		8994623,
		8994623,
		8994623,
		8994623,
		8994623,
		8994623,
		8994623,
		8994623,
		8994623,
		8994623,
		8994623,
		8994623
	],
	"uvs":[[]],
	"faces":[
		160, 0, 1, 2, 0, 1, 2, 0, 1, 2,
		160, 3, 4, 5, 3, 4, 5, 3, 4, 5,
		160, 6, 7, 8, 6, 7, 8, 6, 7, 8,
		160, 7, 9, 8, 7, 9, 8, 7, 9, 8,
		160, 10, 11, 12, 10, 11, 12, 10, 11, 12,
		160, 11, 13, 12, 11, 13, 12, 11, 13, 12,
		160, 14, 15, 16, 14, 15, 16, 14, 15, 16,
		160, 15, 17, 16, 15, 17, 16, 15, 17, 16,
		160, 18, 19, 20, 18, 19, 20, 18, 19, 20,
		160, 21, 22, 23, 21, 22, 23, 21, 22, 23,
		160, 24, 25, 26, 24, 25, 26, 24, 25, 26,
		160, 27, 28, 29, 27, 28, 29, 27, 28, 29
	]
}
