{
	"metadata":{
		"formatVersion": 3,
		"fileName"     : "16.json",
		"generatedBy"  : "RaidaJSONExporter",
		"vertices"     : 154,
		"faces"        : 54,
		"normals"      : 154,
		"colors"       : 154
	},
	"materials":[],
	"vertices":[
		122.983250, -19.876387, 76.601572,
		123.073239, -20.090879, 76.757440,
		123.013888, -19.824965, 76.654648,
		123.103877, -20.039457, 76.810516,
		123.128695, -19.848732, 76.853502,
		123.146022, -19.828732, 76.883501,
		123.091195, -19.718829, 76.788552,
		123.146022, -19.828732, 76.883501,
		123.108523, -19.698829, 76.818551,
		123.091195, -19.718829, 76.788552,
		123.474542, -19.798751, 77.452529,
		123.474542, -19.518752, 77.452529,
		123.434546, -19.798751, 77.383247,
		123.434546, -19.518752, 77.383247,
		124.018747, -20.779151, 78.395103,
		124.156617, -20.730531, 78.633907,
		124.011801, -20.700367, 78.383074,
		124.156617, -20.730531, 78.633907,
		124.149671, -20.651745, 78.621878,
		124.011801, -20.700367, 78.383074,
		123.554854, -19.684554, 77.591628,
		123.574556, -19.691500, 77.625744,
		123.567882, -19.536833, 77.614184,
		123.574556, -19.691500, 77.625744,
		123.587575, -19.543779, 77.648299,
		123.567882, -19.536833, 77.614184,
		122.983250, -21.998615, 76.601572,
		123.013888, -22.050039, 76.654648,
		123.073239, -21.784123, 76.757440,
		123.013888, -22.050039, 76.654648,
		123.103877, -21.835547, 76.810516,
		123.073239, -21.784123, 76.757440,
		123.146022, -22.046271, 76.883501,
		123.128695, -22.026270, 76.853502,
		123.108523, -22.176176, 76.818551,
		123.128695, -22.026270, 76.853502,
		123.091195, -22.156175, 76.788552,
		123.108523, -22.176176, 76.818551,
		123.354235, -22.190451, 77.244142,
		123.334542, -22.183504, 77.210032,
		123.341216, -22.338171, 77.221587,
		123.334542, -22.183504, 77.210032,
		123.321513, -22.331225, 77.187471,
		123.341216, -22.338171, 77.221587,
		123.780394, -22.026270, 77.982273,
		123.763076, -22.046271, 77.952269,
		123.817893, -22.156175, 78.047223,
		123.763076, -22.046271, 77.952269,
		123.800575, -22.176176, 78.017224,
		123.817893, -22.156175, 78.047223,
		123.946930, -21.737718, 78.270727,
		123.934080, -21.768358, 78.248457,
		124.004386, -21.834134, 78.370238,
		123.934080, -21.768358, 78.248457,
		123.991535, -21.864777, 78.347973,
		124.004386, -21.834134, 78.370238,
		124.124562, -21.403948, 78.578385,
		124.054087, -21.352646, 78.456318,
		124.117719, -21.441537, 78.566539,
		124.054087, -21.352646, 78.456318,
		124.047245, -21.390232, 78.444467,
		124.117719, -21.441537, 78.566539,
		124.088921, -20.917502, 78.516655,
		124.088921, -20.957503, 78.516655,
		124.163919, -20.917502, 78.646560,
		124.163919, -20.957503, 78.646560,
		124.047245, -20.484770, 78.444467,
		124.054087, -20.522358, 78.456318,
		124.117719, -20.433467, 78.566539,
		124.054087, -20.522358, 78.456318,
		124.124562, -20.471054, 78.578385,
		124.117719, -20.433467, 78.566539,
		123.934080, -20.106644, 78.248457,
		123.946930, -20.137286, 78.270727,
		123.991535, -20.010225, 78.347973,
		123.946930, -20.137286, 78.270727,
		124.004386, -20.040868, 78.370238,
		123.991535, -20.010225, 78.347973,
		123.763076, -19.828732, 77.952269,
		123.780394, -19.848732, 77.982273,
		123.800575, -19.698829, 78.017224,
		123.780394, -19.848732, 77.982273,
		123.817893, -19.718829, 78.047223,
		123.800575, -19.698829, 78.017224,
		123.567882, -22.338171, 77.614184,
		123.587575, -22.331225, 77.648299,
		123.554854, -22.190451, 77.591628,
		123.587575, -22.331225, 77.648299,
		123.574556, -22.183504, 77.625744,
		123.554854, -22.190451, 77.591628,
		123.341216, -19.536833, 77.221587,
		123.321513, -19.543779, 77.187471,
		123.354235, -19.684554, 77.244142,
		123.321513, -19.543779, 77.187471,
		123.334542, -19.691500, 77.210032,
		123.354235, -19.684554, 77.244142,
		123.230717, -22.284372, 77.030209,
		123.278608, -22.021258, 77.113144,
		123.193133, -22.257011, 76.965104,
		123.278608, -22.021258, 77.113144,
		123.241014, -21.993896, 77.048038,
		123.193133, -22.257011, 76.965104,
		123.434546, -22.356252, 77.383247,
		123.474542, -22.356252, 77.452529,
		123.434546, -22.076251, 77.383247,
		123.474542, -22.076251, 77.452529,
		123.715965, -22.257011, 77.870667,
		123.668075, -21.993896, 77.787732,
		123.678372, -22.284372, 77.805567,
		123.668075, -21.993896, 77.787732,
		123.630491, -22.021258, 77.722632,
		123.678372, -22.284372, 77.805567,
		123.805212, -21.835547, 78.025259,
		123.895201, -22.050039, 78.181127,
		123.835859, -21.784123, 78.078330,
		123.895201, -22.050039, 78.181127,
		123.925848, -21.998615, 78.234199,
		123.835859, -21.784123, 78.078330,
		123.937638, -21.541518, 78.254629,
		124.058884, -21.681518, 78.464630,
		123.957640, -21.472236, 78.289270,
		124.058884, -21.681518, 78.464630,
		124.078887, -21.612236, 78.499271,
		123.957640, -21.472236, 78.289270,
		124.011801, -21.174635, 78.383074,
		124.149671, -21.223257, 78.621878,
		124.018747, -21.095851, 78.395103,
		124.149671, -21.223257, 78.621878,
		124.156617, -21.144473, 78.633907,
		124.018747, -21.095851, 78.395103,
		124.058884, -20.193486, 78.464630,
		123.937638, -20.333487, 78.254629,
		124.078887, -20.262768, 78.499271,
		123.937638, -20.333487, 78.254629,
		123.957640, -20.402767, 78.289270,
		124.078887, -20.262768, 78.499271,
		123.895201, -19.824965, 78.181127,
		123.805212, -20.039457, 78.025259,
		123.925848, -19.876387, 78.234199,
		123.805212, -20.039457, 78.025259,
		123.835859, -20.090879, 78.078330,
		123.925848, -19.876387, 78.234199,
		123.668075, -19.881109, 77.787732,
		123.715965, -19.617994, 77.870667,
		123.630491, -19.853747, 77.722632,
		123.715965, -19.617994, 77.870667,
		123.678372, -19.590632, 77.805567,
		123.630491, -19.853747, 77.722632,
		123.193133, -19.617994, 76.965104,
		123.241014, -19.881109, 77.048038,
		123.230717, -19.590632, 77.030209,
		123.241014, -19.881109, 77.048038,
		123.278608, -19.853747, 77.113144,
		123.230717, -19.590632, 77.030209
	],
	"morphTargets":[],