{
	"metadata":{
		"formatVersion": 3,
		"fileName"     : "163.json",
		"generatedBy"  : "RaidaJSONExporter",
		"vertices"     : 30,
		"faces"        : 12,
		"normals"      : 30,
		"colors"       : 30
	},
	"materials":[],
	"vertices":[
		144.112149, -8.651040, 68.232544,
		144.112149, -8.651040, 22.521215,
		143.877119, -8.736257, 68.232544,
		143.877119, -8.736257, 22.521215,
		145.203092, -11.659851, 68.327992,
		144.112149, -8.651040, 68.232544,
		144.968071, -11.745070, 68.327992,
		144.112149, -8.651040, 68.232544,
		143.877119, -8.736257, 68.232544,
		144.968071, -11.745070, 68.327992,
		143.877119, -8.736257, 22.521215,
		144.112149, -8.651040, 22.521215,
		144.968071, -11.745070, 22.616663,
		144.112149, -8.651040, 22.521215,
		145.203092, -11.659851, 22.616663,
		144.968071, -11.745070, 22.616663,
		144.968071, -11.745070, 68.327992,
		143.877119, -8.736257, 68.232544,
		144.968071, -11.745070, 22.616663,
		143.877119, -8.736257, 22.521215,
		144.112149, -8.651040, 22.521215,
		144.112149, -8.651040, 68.232544,
		145.203092, -11.659851, 22.616663,
		144.112149, -8.651040, 68.232544,
		145.203092, -11.659851, 68.327992,
		145.203092, -11.659851, 22.616663,
		145.203092, -11.659851, 22.616663,
		145.203092, -11.659851, 68.327992,
		144.968071, -11.745070, 22.616663,
		144.968071, -11.745070, 68.327992
	],
	"morphTargets":[],
	"normals":[
		-0.340867, 0.940111, 0.000000,
		-0.340867, 0.940111, 0.000000,
		-0.340867, 0.940111, 0.000000,
		-0.340867, 0.940111, 0.000000,
		-0.010162, 0.028024, 0.999556,
		-0.010162, 0.028024, 0.999556,
		-0.010162, 0.028024, 0.999556,
		-0.010161, 0.028025, 0.999556,
		-0.010161, 0.028025, 0.999556,
		-0.010161, 0.028025, 0.999556,
		0.010161, -0.028025, -0.999556,
		0.010161, -0.028025, -0.999556,
		0.010161, -0.028025, -0.999556,
		0.010162, -0.028024, -0.999556,
		0.010162, -0.028024, -0.999556,
		0.010162, -0.028024, -0.999556,
		-0.940110, -0.340871, -0.000000,
		-0.940110, -0.340871, -0.000000,
		-0.940110, -0.340871, -0.000000,
		-0.940110, -0.340871, -0.000000,
		0.940111, 0.340868, -0.000000,
		0.940111, 0.340868, -0.000000,
		0.940111, 0.340868, -0.000000,
		0.940111, 0.340868, 0.000000,
		0.940111, 0.340868, 0.000000,
		0.940111, 0.340868, 0.000000,
		0.340881, -0.940106, 0.000000,
		0.340881, -0.940106, 0.000000,
		0.340881, -0.940106, 0.000000,
		0.340881, -0.940106, 0.000000
	],
	"colors":[
		8994623,
		8994623,
		8994623,
		8994623,
		8994623,
		8994623,
		8994623,
		8994623,
		8994623,
		8994623,
		8994623,
		8994623,
		8994623,
		8994623,
		8994623,
		8994623,
		8994623,
		8994623,
		8994623,
		8994623,
		8994623,
		8994623,
		8994623,
		8994623,
		8994623,
		8994623,
		8994623,
		8994623,
		8994623,
		8994623
	],
	"uvs":[[]],
	"faces":[
		160, 0, 1, 2, 0, 1, 2, 0, 1, 2,
		160, 1, 3, 2, 1, 3, 2, 1, 3, 2,
		160, 4, 5, 6, 4, 5, 6, 4, 5, 6,
		160, 7, 8, 9, 7, 8, 9, 7, 8, 9,
		160, 10, 11, 12, 10, 11, 12, 10, 11, 12,
		160, 13, 14, 15, 13, 14, 15, 13, 14, 15,
		160, 16, 17, 18, 16, 17, 18, 16, 17, 18,
		160, 17, 19, 18, 17, 19, 18, 17, 19, 18,
		160, 20, 21, 22, 20, 21, 22, 20, 21, 22,
		160, 23, 24, 25, 23, 24, 25, 23, 24, 25,
		160, 26, 27, 28, 26, 27, 28, 26, 27, 28,
		160, 27, 29, 28, 27, 29, 28, 27, 29, 28
	]
}
