{
	"metadata":{
		"formatVersion": 3,
		"fileName"     : "17.json",
		"generatedBy"  : "RaidaJSONExporter",
		"vertices"     : 24,
		"faces"        : 12,
		"normals"      : 24,
		"colors"       : 24
	},
	"materials":[],
	"vertices":[
		127.227457, 9.999999, 91.743112,
		127.227457, -10.000001, 91.743112,
		127.388145, 9.999999, 91.934626,
		127.388145, -10.000001, 91.934626,
		142.153605, 9.999999, 79.544933,
		141.992906, 9.999999, 79.353419,
		127.388145, 9.999999, 91.934626,
		127.227457, 9.999999, 91.743112,
		127.227457, -10.000001, 91.743112,
		141.992906, -10.000001, 79.353419,
		127.388145, -10.000001, 91.934626,
		142.153605, -10.000001, 79.544933,
		127.388145, 9.999999, 91.934626,
		127.388145, -10.000001, 91.934626,
		142.153605, 9.999999, 79.544933,
		142.153605, -10.000001, 79.544933,
		141.992906, -10.000001, 79.353419,
		127.227457, -10.000001, 91.743112,
		141.992906, 9.999999, 79.353419,
		127.227457, 9.999999, 91.743112,
		142.153605, -10.000001, 79.544933,
		141.992906, -10.000001, 79.353419,
		142.153605, 9.999999, 79.544933,
		141.992906, 9.999999, 79.353419
	],
	"morphTargets":[],
	"normals":[
		-0.766067, 0.000000, 0.642761,
		-0.766067, 0.000000, 0.642761,
		-0.766067, 0.000000, 0.642761,
		-0.766067, 0.000000, 0.642761,
		0.000000, 1.000000, 0.000000,
		0.000000, 1.000000, 0.000000,
		0.000000, 1.000000, 0.000000,
		0.000000, 1.000000, 0.000000,
		0.000000, -1.000000, 0.000000,
		0.000000, -1.000000, 0.000000,
		0.000000, -1.000000, 0.000000,
		0.000000, -1.000000, 0.000000,
		0.642788, 0.000000, 0.766044,
		0.642788, 0.000000, 0.766044,
		0.642788, 0.000000, 0.766044,
		0.642788, 0.000000, 0.766044,
		-0.642788, 0.000000, -0.766044,
		-0.642788, 0.000000, -0.766044,
		-0.642788, 0.000000, -0.766044,
		-0.642788, 0.000000, -0.766044,
		0.766048, 0.000000, -0.642784,
		0.766048, 0.000000, -0.642784,
		0.766048, 0.000000, -0.642784,
		0.766048, 0.000000, -0.642784
	],
	"colors":[
		6710886,
		6710886,
		6710886,
		6710886,
		6710886,
		6710886,
		6710886,
		6710886,
		6710886,
		6710886,
		6710886,
		6710886,
		6710886,
		6710886,
		6710886,
		6710886,
		6710886,
		6710886,
		6710886,
		6710886,
		6710886,
		6710886,
		6710886,
		6710886
	],
	"uvs":[[]],
	"faces":[
		160, 0, 1, 2, 0, 1, 2, 0, 1, 2,
		160, 1, 3, 2, 1, 3, 2, 1, 3, 2,
		160, 4, 5, 6, 4, 5, 6, 4, 5, 6,
		160, 5, 7, 6, 5, 7, 6, 5, 7, 6,
		160, 8, 9, 10, 8, 9, 10, 8, 9, 10,
		160, 9, 11, 10, 9, 11, 10, 9, 11, 10,
		160, 12, 13, 14, 12, 13, 14, 12, 13, 14,
		160, 13, 15, 14, 13, 15, 14, 13, 15, 14,
		160, 16, 17, 18, 16, 17, 18, 16, 17, 18,
		160, 17, 19, 18, 17, 19, 18, 17, 19, 18,
		160, 20, 21, 22, 20, 21, 22, 20, 21, 22,
		160, 21, 23, 22, 21, 23, 22, 21, 23, 22
	]
}
