{
	"metadata":{
		"formatVersion": 3,
		"fileName"     : "173.json",
		"generatedBy"  : "RaidaJSONExporter",
		"vertices"     : 66,
		"faces"        : 24,
		"normals"      : 66,
		"colors"       : 66
	},
	"materials":[],
	"vertices":[
		168.280489, -26.500033, 71.761576,
		168.430562, -26.500033, 71.764383,
		163.472563, -19.034639, 71.637482,
		158.468608, -11.500035, 23.818367,
		158.468608, -11.500035, 71.460212,
		158.468608, -11.951922, 23.836588,
		158.468608, -11.951922, 23.836588,
		158.468608, -11.500035, 71.460212,
		158.468608, -11.951922, 71.460212,
		158.468608, -11.500035, 23.818367,
		158.468608, -11.951922, 23.836588,
		168.430562, -26.500033, 24.689926,
		168.430562, -26.500033, 24.689926,
		158.468608, -11.951922, 23.836588,
		168.130454, -26.500033, 24.681887,
		168.130454, -26.500033, 71.758713,
		168.130454, -26.500033, 24.681887,
		163.472844, -19.486946, 71.636130,
		163.472844, -19.486946, 71.636130,
		168.130454, -26.500033, 24.681887,
		168.130454, -26.500033, 24.681887,
		158.468608, -11.951922, 23.836588,
		163.472844, -19.486946, 71.636130,
		163.472844, -19.486946, 71.636130,
		158.468608, -11.951922, 23.836588,
		162.264062, -17.666854, 71.604317,
		158.468608, -11.951922, 23.836588,
		158.468608, -11.951922, 71.460212,
		162.264062, -17.666854, 71.604317,
		158.468608, -11.500035, 71.460212,
		162.564001, -17.666588, 71.614225,
		158.468608, -11.500035, 23.818367,
		162.564001, -17.666588, 71.614225,
		163.472563, -19.034639, 71.637482,
		158.468608, -11.500035, 23.818367,
		158.468608, -11.500035, 23.818367,
		163.472563, -19.034639, 71.637482,
		168.430562, -26.500033, 24.689926,
		163.472563, -19.034639, 71.637482,
		168.430562, -26.500033, 71.764383,
		168.430562, -26.500033, 24.689926,
		158.468608, -11.500035, 71.460212,
		158.468608, -11.951922, 71.460212,
		162.564001, -17.666588, 71.614225,
		158.468608, -11.951922, 71.460212,
		162.264062, -17.666854, 71.604317,
		162.564001, -17.666588, 71.614225,
		162.564001, -17.666588, 71.614225,
		162.264062, -17.666854, 71.604317,
		163.472563, -19.034639, 71.637482,
		162.264062, -17.666854, 71.604317,
		163.472844, -19.486946, 71.636130,
		163.472563, -19.034639, 71.637482,
		163.472563, -19.034639, 71.637482,
		163.472844, -19.486946, 71.636130,
		168.280489, -26.500033, 71.761576,
		163.472844, -19.486946, 71.636130,
		168.130454, -26.500033, 71.758713,
		168.280489, -26.500033, 71.761576,
		168.130454, -26.500033, 24.681887,
		168.430562, -26.500033, 24.689926,
		168.130454, -26.500033, 71.758713,
		168.430562, -26.500033, 24.689926,
		168.130454, -26.500033, 71.758713,
		168.280489, -26.500033, 71.761576,
		168.430562, -26.500033, 71.764383
	],
	"morphTargets":[],
	"normals":[
		-0.018697, 0.004578, 0.999815,
		-0.018697, 0.004578, 0.999815,
		-0.018697, 0.004578, 0.999815,
		1.000000, 0.000000, -0.000000,
		1.000000, 0.000000, -0.000000,
		1.000000, 0.000000, -0.000000,
		1.000000, 0.000000, 0.000000,
		1.000000, 0.000000, 0.000000,
		1.000000, 0.000000, 0.000000,
		-0.026742, 0.040276, 0.998831,
		-0.026742, 0.040276, 0.998831,
		-0.026742, 0.040276, 0.998831,
		-0.026756, 0.040266, 0.998831,
		-0.026756, 0.040266, 0.998831,
		-0.026756, 0.040266, 0.998831,
		0.833024, 0.553237, 0.000000,
		0.833024, 0.553237, 0.000000,
		0.833024, 0.553237, 0.000000,
		0.000000, -0.000000, 0.000000,
		0.000000, -0.000000, 0.000000,
		0.833024, 0.553237, 0.000000,
		0.833024, 0.553237, 0.000000,
		0.833024, 0.553237, 0.000000,
		0.833023, 0.553238, 0.000000,
		0.833023, 0.553238, 0.000000,
		0.833023, 0.553238, 0.000000,
		0.833025, 0.553236, -0.000000,
		0.833025, 0.553236, -0.000000,
		0.833025, 0.553236, -0.000000,
		0.833024, 0.553236, 0.000000,
		0.833024, 0.553236, 0.000000,
		0.833024, 0.553236, 0.000000,
		0.833025, 0.553236, -0.000000,
		0.833025, 0.553236, -0.000000,
		0.833025, 0.553236, -0.000000,
		0.833024, 0.553237, 0.000000,
		0.833024, 0.553237, 0.000000,
		0.833024, 0.553237, 0.000000,
		0.833024, 0.553237, 0.000000,
		0.833024, 0.553237, 0.000000,
		0.833024, 0.553237, 0.000000,
		-0.037580, 0.000000, 0.999294,
		-0.037580, 0.000000, 0.999294,
		-0.037580, 0.000000, 0.999294,
		-0.033018, 0.003273, 0.999449,
		-0.033018, 0.003273, 0.999449,
		-0.033018, 0.003273, 0.999449,
		-0.033011, -0.004933, 0.999443,
		-0.033011, -0.004933, 0.999443,
		-0.033011, -0.004933, 0.999443,
		-0.030832, -0.003006, 0.999520,
		-0.030832, -0.003006, 0.999520,
		-0.030832, -0.003006, 0.999520,
		-0.030466, -0.003006, 0.999531,
		-0.030466, -0.003006, 0.999531,
		-0.030466, -0.003006, 0.999531,
		-0.019082, 0.004803, 0.999806,
		-0.019082, 0.004803, 0.999806,
		-0.019082, 0.004803, 0.999806,
		0.000000, -1.000000, 0.000000,
		0.000000, -1.000000, 0.000000,
		0.000000, -1.000000, 0.000000,
		0.000000, -0.000000, 0.000000,
		0.000000, -0.000000, 0.000000,
		0.000000, -1.000000, 0.000000,
		0.000000, -1.000000, 0.000000
	],
	"colors":[
		8994623,
		8994623,
		8994623,
		8994623,
		8994623,
		8994623,
		8994623,
		8994623,
		8994623,
		8994623,
		8994623,
		8994623,
		8994623,
		8994623,
		8994623,
		8994623,
		8994623,
		8994623,
		8994623,
		8994623,
		8994623,
		8994623,
		8994623,
		8994623,
		8994623,
		8994623,
		8994623,
		8994623,
		8994623,
		8994623,
		8994623,
		8994623,
		8994623,
		8994623,
		8994623,
		8994623,
		8994623,
		8994623,
		8994623,
		8994623,
		8994623,
		8994623,
		8994623,
		8994623,
		8994623,
		8994623,
		8994623,
		8994623,
		8994623,
		8994623,
		8994623,
		8994623,
		8994623,
		8994623,
		8994623,
		8994623,
		8994623,
		8994623,
		8994623,
		8994623,
		8994623,
		8994623,
		8994623,
		8994623,
		8994623,
		8994623
	],
	"uvs":[[]],
	"faces":[
		160, 0, 1, 2, 0, 1, 2, 0, 1, 2,
		160, 3, 4, 5, 3, 4, 5, 3, 4, 5,
		160, 6, 7, 8, 6, 7, 8, 6, 7, 8,
		160, 9, 10, 11, 9, 10, 11, 9, 10, 11,
		160, 12, 13, 14, 12, 13, 14, 12, 13, 14,
		160, 15, 16, 17, 15, 16, 17, 15, 16, 17,
		160, 18, 19, 18, 18, 19, 18, 18, 19, 18,
		160, 20, 21, 22, 20, 21, 22, 20, 21, 22,
		160, 23, 24, 25, 23, 24, 25, 23, 24, 25,
		160, 26, 27, 28, 26, 27, 28, 26, 27, 28,
		160, 29, 30, 31, 29, 30, 31, 29, 30, 31,
		160, 32, 33, 34, 32, 33, 34, 32, 33, 34,
		160, 35, 36, 37, 35, 36, 37, 35, 36, 37,
		160, 38, 39, 40, 38, 39, 40, 38, 39, 40,
		160, 41, 42, 43, 41, 42, 43, 41, 42, 43,
		160, 44, 45, 46, 44, 45, 46, 44, 45, 46,
		160, 47, 48, 49, 47, 48, 49, 47, 48, 49,
		160, 50, 51, 52, 50, 51, 52, 50, 51, 52,
		160, 53, 54, 55, 53, 54, 55, 53, 54, 55,
		160, 56, 57, 58, 56, 57, 58, 56, 57, 58,
		160, 59, 60, 61, 59, 60, 61, 59, 60, 61,
		160, 62, 62, 63, 62, 62, 63, 62, 62, 63,
		160, 61, 60, 64, 61, 60, 64, 61, 60, 64,
		160, 60, 65, 64, 60, 65, 64, 60, 65, 64
	]
}
