{
	"metadata":{
		"formatVersion": 3,
		"fileName"     : "180.json",
		"generatedBy"  : "RaidaJSONExporter",
		"vertices"     : 172,
		"faces"        : 63,
		"normals"      : 172,
		"colors"       : 172
	},
	"materials":[],
	"vertices":[
		147.060316, 26.081288, 60.959439,
		146.838934, 26.197442, 60.959439,
		140.470145, 13.521026, 60.382875,
		146.838934, 26.197442, 60.959439,
		140.248763, 13.637178, 60.382875,
		140.470145, 13.521026, 60.382875,
		139.540913, 12.288081, 70.229567,
		139.540913, 12.288081, 58.299923,
		139.540913, 11.749999, 70.229567,
		139.540913, 12.288081, 58.299923,
		139.540913, 11.749999, 58.299923,
		139.540913, 11.749999, 70.229567,
		140.470145, 13.521026, 68.307843,
		140.470145, 13.521026, 60.382875,
		140.248763, 13.637178, 68.307843,
		140.248763, 13.637178, 60.382875,
		146.838934, 26.197442, 60.959439,
		147.060316, 26.081288, 60.959439,
		146.838934, 26.197442, 68.818011,
		147.060316, 26.081288, 68.818011,
		139.540913, 11.749999, 58.299923,
		139.540913, 12.288081, 58.299923,
		147.989538, 27.852313, 59.039081,
		139.540913, 12.288081, 58.299923,
		147.707219, 27.852313, 59.014385,
		147.989538, 27.852313, 59.039081,
		147.707219, 27.852313, 70.863675,
		143.797530, 20.400808, 70.577766,
		147.848383, 27.852313, 70.873278,
		143.797530, 20.400808, 70.577766,
		143.889583, 20.037891, 70.586316,
		147.848383, 27.852313, 70.873278,
		147.848383, 27.852313, 70.873278,
		143.889583, 20.037891, 70.586316,
		147.989538, 27.852313, 70.882838,
		147.707219, 27.852313, 59.014385,
		147.989538, 27.852313, 59.039081,
		147.707219, 27.852313, 70.863675,
		147.848383, 27.852313, 70.873278,
		147.989538, 27.852313, 70.882838,
		143.889583, 20.037891, 70.586316,
		143.797530, 20.400808, 70.577766,
		143.797736, 19.862835, 70.578784,
		143.797530, 20.400808, 70.577766,
		143.477730, 19.791285, 70.554379,
		143.797736, 19.862835, 70.578784,
		143.797736, 19.862835, 70.578784,
		143.477730, 19.791285, 70.554379,
		143.477730, 19.791285, 70.554379,
		139.540913, 12.288081, 70.229567,
		143.797736, 19.862835, 70.578784,
		143.797736, 19.862835, 70.578784,
		139.540913, 12.288081, 70.229567,
		139.540913, 11.749999, 70.229567,
		140.248763, 13.637178, 68.307843,
		140.470145, 13.521026, 68.307843,
		142.478296, 17.886457, 68.491598,
		142.478296, 17.886457, 68.491598,
		140.470145, 13.521026, 68.307843,
		140.470145, 13.521026, 68.307843,
		142.699669, 17.770302, 68.491598,
		142.478296, 17.886457, 68.491598,
		142.478296, 17.886457, 68.491598,
		142.699669, 17.770302, 68.491598,
		142.687963, 18.286077, 68.507809,
		142.699669, 17.770302, 68.491598,
		142.909346, 18.169923, 68.507809,
		142.687963, 18.286077, 68.507809,
		142.687963, 18.286077, 68.507809,
		142.909346, 18.169923, 68.507809,
		142.909346, 18.169923, 68.507809,
		144.929379, 22.019929, 68.664001,
		142.687963, 18.286077, 68.507809,
		142.687963, 18.286077, 68.507809,
		144.929379, 22.019929, 68.664001,
		144.708007, 22.136082, 68.664001,
		144.929379, 22.019929, 68.664001,
		147.060316, 26.081288, 68.818011,
		144.708007, 22.136082, 68.664001,
		144.708007, 22.136082, 68.664001,
		147.060316, 26.081288, 68.818011,
		146.838934, 26.197442, 68.818011,
		142.687963, 18.286077, 68.507809,
		144.708007, 22.136082, 68.664001,
		143.797530, 20.400808, 70.577766,
		143.797530, 20.400808, 70.577766,
		144.708007, 22.136082, 68.664001,
		144.708007, 22.136082, 68.664001,
		146.838934, 26.197442, 68.818011,
		143.797530, 20.400808, 70.577766,
		143.797530, 20.400808, 70.577766,
		146.838934, 26.197442, 68.818011,
		147.707219, 27.852313, 70.863675,
		146.838934, 26.197442, 68.818011,
		147.707219, 27.852313, 70.863675,
		147.707219, 27.852313, 70.863675,
		146.838934, 26.197442, 68.818011,
		147.707219, 27.852313, 59.014385,
		146.838934, 26.197442, 68.818011,
		146.838934, 26.197442, 60.959439,
		147.707219, 27.852313, 59.014385,
		147.707219, 27.852313, 59.014385,
		146.838934, 26.197442, 60.959439,
		139.540913, 12.288081, 58.299923,
		146.838934, 26.197442, 60.959439,
		140.248763, 13.637178, 60.382875,
		139.540913, 12.288081, 58.299923,
		139.540913, 12.288081, 58.299923,
		140.248763, 13.637178, 60.382875,
		139.540913, 12.288081, 70.229567,
		140.248763, 13.637178, 60.382875,
		140.248763, 13.637178, 68.307843,
		139.540913, 12.288081, 70.229567,
		139.540913, 12.288081, 70.229567,
		140.248763, 13.637178, 68.307843,
		140.248763, 13.637178, 68.307843,
		142.478296, 17.886457, 68.491598,
		139.540913, 12.288081, 70.229567,
		139.540913, 12.288081, 70.229567,
		142.478296, 17.886457, 68.491598,
		143.477730, 19.791285, 70.554379,
		142.478296, 17.886457, 68.491598,
		142.687963, 18.286077, 68.507809,
		143.477730, 19.791285, 70.554379,
		143.477730, 19.791285, 70.554379,
		142.687963, 18.286077, 68.507809,
		143.797530, 20.400808, 70.577766,
		142.699669, 17.770302, 68.491598,
		140.470145, 13.521026, 68.307843,
		139.540913, 11.749999, 70.229567,
		139.540913, 11.749999, 70.229567,
		140.470145, 13.521026, 68.307843,
		140.470145, 13.521026, 68.307843,
		140.470145, 13.521026, 60.382875,
		139.540913, 11.749999, 70.229567,
		139.540913, 11.749999, 70.229567,
		140.470145, 13.521026, 60.382875,
		139.540913, 11.749999, 58.299923,
		140.470145, 13.521026, 60.382875,
		139.540913, 11.749999, 58.299923,
		139.540913, 11.749999, 58.299923,
		140.470145, 13.521026, 60.382875,
		147.989538, 27.852313, 59.039081,
		140.470145, 13.521026, 60.382875,
		147.060316, 26.081288, 60.959439,
		147.989538, 27.852313, 59.039081,
		147.989538, 27.852313, 59.039081,
		147.060316, 26.081288, 60.959439,
		147.060316, 26.081288, 60.959439,
		147.060316, 26.081288, 68.818011,
		147.989538, 27.852313, 59.039081,
		147.989538, 27.852313, 59.039081,
		147.060316, 26.081288, 68.818011,
		147.989538, 27.852313, 70.882838,
		147.060316, 26.081288, 68.818011,
		144.929379, 22.019929, 68.664001,
		147.989538, 27.852313, 70.882838,
		147.989538, 27.852313, 70.882838,
		144.929379, 22.019929, 68.664001,
		143.889583, 20.037891, 70.586316,
		144.929379, 22.019929, 68.664001,
		142.909346, 18.169923, 68.507809,
		143.889583, 20.037891, 70.586316,
		143.889583, 20.037891, 70.586316,
		142.909346, 18.169923, 68.507809,
		143.797736, 19.862835, 70.578784,
		142.909346, 18.169923, 68.507809,
		142.699669, 17.770302, 68.491598,
		143.797736, 19.862835, 70.578784,
		143.797736, 19.862835, 70.578784,
		142.699669, 17.770302, 68.491598,
		139.540913, 11.749999, 70.229567
	],
	"morphTargets":[],