{
	"metadata":{
		"formatVersion": 3,
		"fileName"     : "195.json",
		"generatedBy"  : "RaidaJSONExporter",
		"vertices"     : 44,
		"faces"        : 19,
		"normals"      : 44,
		"colors"       : 44
	},
	"materials":[],
	"vertices":[
		171.094205, 26.524442, 25.127370,
		171.094205, 26.524442, 38.177028,
		170.844203, 26.524442, 25.127370,
		171.094205, 26.524442, 38.177028,
		170.844203, 26.524442, 38.177028,
		170.844203, 26.524442, 25.127370,
		170.844203, 26.524442, 25.127370,
		170.844203, 35.037574, 25.127370,
		171.094205, 26.524442, 25.127370,
		171.094205, 35.037574, 25.127370,
		171.094205, 39.530945, 38.177028,
		170.844203, 39.530945, 38.177028,
		171.094205, 26.524442, 38.177028,
		170.844203, 26.524442, 38.177028,
		170.844203, 39.530945, 38.177028,
		171.094205, 39.530945, 38.177028,
		170.844203, 37.287517, 31.651072,
		171.094205, 39.530945, 38.177028,
		171.094205, 37.290418, 31.650075,
		170.844203, 37.287517, 31.651072,
		170.844203, 37.287517, 31.651072,
		171.094205, 37.290418, 31.650075,
		170.844203, 36.051399, 28.055298,
		171.094205, 37.290418, 31.650075,
		171.094205, 35.037574, 25.127370,
		170.844203, 36.051399, 28.055298,
		170.844203, 36.051399, 28.055298,
		171.094205, 35.037574, 25.127370,
		170.844203, 35.037574, 25.127370,
		170.844203, 39.530945, 38.177028,
		170.844203, 26.524442, 38.177028,
		170.844203, 37.287517, 31.651072,
		170.844203, 36.051399, 28.055298,
		170.844203, 26.524442, 25.127370,
		170.844203, 35.037574, 25.127370,
		171.094205, 39.530945, 38.177028,
		171.094205, 37.290418, 31.650075,
		171.094205, 26.524442, 38.177028,
		171.094205, 26.524442, 38.177028,
		171.094205, 37.290418, 31.650075,
		171.094205, 35.037574, 25.127370,
		171.094205, 26.524442, 38.177028,
		171.094205, 35.037574, 25.127370,
		171.094205, 26.524442, 25.127370
	],
	"morphTargets":[],
	"normals":[
		0.000000, -1.000000, 0.000000,
		0.000000, -1.000000, 0.000000,
		0.000000, -1.000000, 0.000000,
		-0.000000, -1.000000, 0.000000,
		-0.000000, -1.000000, 0.000000,
		-0.000000, -1.000000, 0.000000,
		0.000000, 0.000000, -1.000000,
		0.000000, 0.000000, -1.000000,
		0.000000, 0.000000, -1.000000,
		0.000000, 0.000000, -1.000000,
		0.000000, 0.000000, 1.000000,
		0.000000, 0.000000, 1.000000,
		0.000000, 0.000000, 1.000000,
		0.000000, 0.000000, 1.000000,
		0.000000, 0.945681, -0.325097,
		0.000000, 0.945681, -0.325097,
		0.000000, 0.945681, -0.325097,
		-0.012269, 0.945754, -0.324652,
		-0.012269, 0.945754, -0.324652,
		-0.012269, 0.945754, -0.324652,
		-0.012269, 0.945610, -0.325072,
		-0.012269, 0.945610, -0.325072,
		-0.012269, 0.945610, -0.325072,
		0.009689, 0.945166, -0.326446,
		0.009689, 0.945166, -0.326446,
		0.009689, 0.945166, -0.326446,
		0.000000, 0.944955, -0.327200,
		0.000000, 0.944955, -0.327200,
		0.000000, 0.944955, -0.327200,
		1.000000, 0.000000, 0.000000,
		1.000000, 0.000000, 0.000000,
		1.000000, 0.000000, 0.000000,
		1.000000, 0.000000, 0.000000,
		1.000000, 0.000000, 0.000000,
		1.000000, 0.000000, 0.000000,
		-1.000000, -0.000000, 0.000000,
		-1.000000, -0.000000, 0.000000,
		-1.000000, -0.000000, 0.000000,
		0.000000, -0.000000, 0.000000,
		0.000000, -0.000000, 0.000000,
		-1.000000, -0.000000, 0.000000,
		-1.000000, 0.000000, 0.000000,
		-1.000000, 0.000000, 0.000000,
		-1.000000, 0.000000, 0.000000
	],
	"colors":[
		8994623,
		8994623,
		8994623,
		8994623,
		8994623,
		8994623,
		8994623,
		8994623,
		8994623,
		8994623,
		8994623,
		8994623,
		8994623,
		8994623,
		8994623,
		8994623,
		8994623,
		8994623,
		8994623,
		8994623,
		8994623,
		8994623,
		8994623,
		8994623,
		8994623,
		8994623,
		8994623,
		8994623,
		8994623,
		8994623,
		8994623,
		8994623,
		8994623,
		8994623,
		8994623,
		8994623,
		8994623,
		8994623,
		8994623,
		8994623,
		8994623,
		8994623,
		8994623,
		8994623
	],
	"uvs":[[]],
	"faces":[
		160, 0, 1, 2, 0, 1, 2, 0, 1, 2,
		160, 3, 4, 5, 3, 4, 5, 3, 4, 5,
		160, 6, 7, 8, 6, 7, 8, 6, 7, 8,
		160, 7, 9, 8, 7, 9, 8, 7, 9, 8,
		160, 10, 11, 12, 10, 11, 12, 10, 11, 12,
		160, 11, 13, 12, 11, 13, 12, 11, 13, 12,
		160, 14, 15, 16, 14, 15, 16, 14, 15, 16,
		160, 17, 18, 19, 17, 18, 19, 17, 18, 19,
		160, 20, 21, 22, 20, 21, 22, 20, 21, 22,
		160, 23, 24, 25, 23, 24, 25, 23, 24, 25,
		160, 26, 27, 28, 26, 27, 28, 26, 27, 28,
		160, 29, 30, 31, 29, 30, 31, 29, 30, 31,
		160, 31, 30, 32, 31, 30, 32, 31, 30, 32,
		160, 30, 33, 32, 30, 33, 32, 30, 33, 32,
		160, 32, 33, 34, 32, 33, 34, 32, 33, 34,
		160, 35, 36, 37, 35, 36, 37, 35, 36, 37,
		160, 38, 39, 38, 38, 39, 38, 38, 39, 38,
		160, 36, 40, 37, 36, 40, 37, 36, 40, 37,
		160, 41, 42, 43, 41, 42, 43, 41, 42, 43
	]
}
