{
	"metadata":{
		"formatVersion": 3,
		"fileName"     : "196.json",
		"generatedBy"  : "RaidaJSONExporter",
		"vertices"     : 59,
		"faces"        : 21,
		"normals"      : 59,
		"colors"       : 59
	},
	"materials":[],
	"vertices":[
		120.407566, -32.283407, 73.907784,
		120.398531, -31.694603, 73.264488,
		120.400370, -32.297067, 73.895072,
		120.398531, -31.694603, 73.264488,
		120.411455, -31.690359, 73.268345,
		120.407566, -32.283407, 73.907784,
		120.407566, -32.283407, 73.907784,
		120.411455, -31.690359, 73.268345,
		120.420490, -32.279163, 73.911641,
		120.406098, -32.306482, 73.886217,
		120.404259, -31.704019, 73.255633,
		120.400370, -32.297067, 73.895072,
		120.400370, -32.297067, 73.895072,
		120.404259, -31.704019, 73.255633,
		120.398531, -31.694603, 73.264488,
		120.443816, -32.285633, 73.905390,
		120.420490, -32.279163, 73.911641,
		120.434781, -31.696830, 73.262094,
		120.434781, -31.696830, 73.262094,
		120.420490, -32.279163, 73.911641,
		120.411455, -31.690359, 73.268345,
		120.429424, -32.312953, 73.879965,
		120.443816, -32.285633, 73.905390,
		120.427585, -31.710489, 73.249381,
		120.427585, -31.710489, 73.249381,
		120.443816, -32.285633, 73.905390,
		120.434781, -31.696830, 73.262094,
		120.404259, -31.704019, 73.255633,
		120.406098, -32.306482, 73.886217,
		120.427585, -31.710489, 73.249381,
		120.427585, -31.710489, 73.249381,
		120.406098, -32.306482, 73.886217,
		120.429424, -32.312953, 73.879965,
		120.429424, -32.312953, 73.879965,
		120.406098, -32.306482, 73.886217,
		120.443816, -32.285633, 73.905390,
		120.443816, -32.285633, 73.905390,
		120.406098, -32.306482, 73.886217,
		120.406098, -32.306482, 73.886217,
		120.400370, -32.297067, 73.895072,
		120.443816, -32.285633, 73.905390,
		120.400370, -32.297067, 73.895072,
		120.400370, -32.297067, 73.895072,
		120.407566, -32.283407, 73.907784,
		120.443816, -32.285633, 73.905390,
		120.443816, -32.285633, 73.905390,
		120.407566, -32.283407, 73.907784,
		120.420490, -32.279163, 73.911641,
		120.427585, -31.710489, 73.249381,
		120.434781, -31.696830, 73.262094,
		120.404259, -31.704019, 73.255633,
		120.404259, -31.704019, 73.255633,
		120.434781, -31.696830, 73.262094,
		120.434781, -31.696830, 73.262094,
		120.411455, -31.690359, 73.268345,
		120.404259, -31.704019, 73.255633,
		120.404259, -31.704019, 73.255633,
		120.411455, -31.690359, 73.268345,
		120.398531, -31.694603, 73.264488
	],
	"morphTargets":[],
	"normals":[
		-0.933005, 0.258835, 0.250014,
		-0.933005, 0.258835, 0.250014,
		-0.933005, 0.258835, 0.250014,
		0.405578, -0.671421, -0.620242,
		0.405578, -0.671421, -0.620242,
		0.405578, -0.671421, -0.620242,
		0.405578, -0.671421, -0.620242,
		0.405578, -0.671421, -0.620242,
		0.405578, -0.671421, -0.620242,
		0.914241, 0.294286, 0.278495,
		0.914241, 0.294286, 0.278495,
		0.914241, 0.294286, 0.278495,
		0.914241, 0.294285, 0.278495,
		0.914241, 0.294285, 0.278495,
		0.914241, 0.294285, 0.278495,
		-0.359721, -0.690791, -0.627223,
		-0.359721, -0.690791, -0.627223,
		-0.359721, -0.690791, -0.627223,
		-0.359722, -0.690791, -0.627223,
		-0.359722, -0.690791, -0.627223,
		-0.359722, -0.690791, -0.627223,
		-0.933002, 0.258840, 0.250018,
		-0.933002, 0.258840, 0.250018,
		-0.933002, 0.258840, 0.250018,
		-0.933005, 0.258835, 0.250014,
		-0.933005, 0.258835, 0.250014,
		-0.933005, 0.258835, 0.250014,
		0.359865, 0.675128, 0.643971,
		0.359865, 0.675128, 0.643971,
		0.359865, 0.675128, 0.643971,
		0.359896, 0.675119, 0.643964,
		0.359896, 0.675119, 0.643964,
		0.359896, 0.675119, 0.643964,
		-0.006257, 0.683003, -0.730389,
		-0.006257, 0.683003, -0.730389,
		-0.006257, 0.683003, -0.730389,
		0.000000, 0.000000, 0.000000,
		0.000000, 0.000000, 0.000000,
		-0.006310, 0.683055, -0.730340,
		-0.006310, 0.683055, -0.730340,
		-0.006310, 0.683055, -0.730340,
		0.000000, 0.000000, 0.000000,
		-0.006298, 0.683028, -0.730365,
		-0.006298, 0.683028, -0.730365,
		-0.006298, 0.683028, -0.730365,
		-0.006304, 0.682973, -0.730416,
		-0.006304, 0.682973, -0.730416,
		-0.006304, 0.682973, -0.730416,
		0.006278, -0.683023, 0.730370,
		0.006278, -0.683023, 0.730370,
		0.006278, -0.683023, 0.730370,
		0.000000, 0.000000, 0.000000,
		0.000000, 0.000000, 0.000000,
		0.006279, -0.683024, 0.730369,
		0.006279, -0.683024, 0.730369,
		0.006279, -0.683024, 0.730369,
		0.006347, -0.683043, 0.730351,
		0.006347, -0.683043, 0.730351,
		0.006347, -0.683043, 0.730351
	],
	"colors":[
		16711680,
		16711680,
		16711680,
		16711680,
		16711680,
		16711680,
		16711680,
		16711680,
		16711680,
		16711680,
		16711680,
		16711680,
		16711680,
		16711680,
		16711680,
		16711680,
		16711680,
		16711680,
		16711680,
		16711680,
		16711680,
		16711680,
		16711680,
		16711680,
		16711680,
		16711680,
		16711680,
		16711680,
		16711680,
		16711680,
		16711680,
		16711680,
		16711680,
		16711680,
		16711680,
		16711680,
		16711680,
		16711680,
		16711680,
		16711680,
		16711680,
		16711680,
		16711680,
		16711680,
		16711680,
		16711680,
		16711680,
		16711680,
		16711680,
		16711680,
		16711680,
		16711680,
		16711680,
		16711680,
		16711680,
		16711680,
		16711680,
		16711680,
		16711680
	],
	"uvs":[[]],
	"faces":[
		160, 0, 1, 2, 0, 1, 2, 0, 1, 2,
		160, 3, 4, 5, 3, 4, 5, 3, 4, 5,
		160, 6, 7, 8, 6, 7, 8, 6, 7, 8,
		160, 9, 10, 11, 9, 10, 11, 9, 10, 11,
		160, 12, 13, 14, 12, 13, 14, 12, 13, 14,
		160, 15, 16, 17, 15, 16, 17, 15, 16, 17,
		160, 18, 19, 20, 18, 19, 20, 18, 19, 20,
		160, 21, 22, 23, 21, 22, 23, 21, 22, 23,
		160, 24, 25, 26, 24, 25, 26, 24, 25, 26,
		160, 27, 28, 29, 27, 28, 29, 27, 28, 29,
		160, 30, 31, 32, 30, 31, 32, 30, 31, 32,
		160, 33, 34, 35, 33, 34, 35, 33, 34, 35,
		160, 36, 37, 36, 36, 37, 36, 36, 37, 36,
		160, 38, 39, 40, 38, 39, 40, 38, 39, 40,
		160, 36, 41, 36, 36, 41, 36, 36, 41, 36,
		160, 42, 43, 44, 42, 43, 44, 42, 43, 44,
		160, 45, 46, 47, 45, 46, 47, 45, 46, 47,
		160, 48, 49, 50, 48, 49, 50, 48, 49, 50,
		160, 51, 52, 51, 51, 52, 51, 51, 52, 51,
		160, 53, 54, 55, 53, 54, 55, 53, 54, 55,
		160, 56, 57, 58, 56, 57, 58, 56, 57, 58
	]
}
