{
	"metadata":{
		"formatVersion": 3,
		"fileName"     : "200.json",
		"generatedBy"  : "RaidaJSONExporter",
		"vertices"     : 111,
		"faces"        : 45,
		"normals"      : 111,
		"colors"       : 111
	},
	"materials":[],
	"vertices":[
		131.701028, 33.124998, 29.389019,
		131.701028, 26.174037, 29.389019,
		131.469265, 33.124998, 29.425727,
		131.701028, 26.174037, 29.389019,
		131.699021, 26.173430, 29.389022,
		131.469265, 33.124998, 29.425727,
		131.469265, 33.124998, 29.425727,
		131.699021, 26.173430, 29.389022,
		131.417157, 33.124998, 29.452277,
		131.699021, 26.173430, 29.389022,
		131.552112, 26.124424, 29.403952,
		131.417157, 33.124998, 29.452277,
		131.417157, 33.124998, 29.452277,
		131.552112, 26.124424, 29.403952,
		131.552112, 26.124424, 29.403952,
		131.511026, 26.108535, 29.413554,
		131.417157, 33.124998, 29.452277,
		131.511026, 26.108535, 29.413554,
		131.511026, 26.108535, 29.413554,
		131.508718, 26.107642, 29.414094,
		131.417157, 33.124998, 29.452277,
		131.508718, 26.107642, 29.414094,
		131.508718, 26.107642, 29.414094,
		131.415048, 26.063987, 29.448874,
		131.417157, 33.124998, 29.452277,
		131.417157, 33.124998, 29.452277,
		131.415048, 26.063987, 29.448874,
		131.260188, 33.124998, 29.532257,
		131.415048, 26.063987, 29.448874,
		131.373628, 26.044684, 29.464253,
		131.260188, 33.124998, 29.532257,
		131.260188, 33.124998, 29.532257,
		131.373628, 26.044684, 29.464253,
		131.177227, 33.124998, 29.615219,
		131.373628, 26.044684, 29.464253,
		131.336226, 26.020952, 29.486312,
		131.177227, 33.124998, 29.615219,
		131.177227, 33.124998, 29.615219,
		131.336226, 26.020952, 29.486312,
		131.336226, 26.020952, 29.486312,
		131.268921, 25.978246, 29.526007,
		131.177227, 33.124998, 29.615219,
		131.268921, 25.978246, 29.526007,
		131.268921, 25.978246, 29.526007,
		131.224176, 25.937376, 29.563917,
		131.177227, 33.124998, 29.615219,
		131.224176, 25.937376, 29.563917,
		131.224176, 25.937376, 29.563917,
		131.185982, 25.902490, 29.596275,
		131.177227, 33.124998, 29.615219,
		131.185982, 25.902490, 29.596275,
		131.185982, 25.902490, 29.596275,
		131.170965, 25.888773, 29.608999,
		131.177227, 33.124998, 29.615219,
		131.177227, 33.124998, 29.615219,
		131.170965, 25.888773, 29.608999,
		131.094265, 33.124998, 29.698180,
		131.170965, 25.888773, 29.608999,
		131.167329, 25.885453, 29.612079,
		131.094265, 33.124998, 29.698180,
		131.094265, 33.124998, 29.698180,
		131.167329, 25.885453, 29.612079,
		131.014285, 33.124998, 29.855149,
		131.167329, 25.885453, 29.612079,
		131.090023, 25.775120, 29.704078,
		131.014285, 33.124998, 29.855149,
		131.014285, 33.124998, 29.855149,
		131.090023, 25.775120, 29.704078,
		131.090023, 25.775120, 29.704078,
		131.080848, 25.757740, 29.717264,
		131.014285, 33.124998, 29.855149,
		131.080848, 25.757740, 29.717264,
		131.080848, 25.757740, 29.717264,
		131.070630, 25.731305, 29.734845,
		131.014285, 33.124998, 29.855149,
		131.070630, 25.731305, 29.734845,
		131.070630, 25.731305, 29.734845,
		131.027571, 25.619907, 29.808934,
		131.014285, 33.124998, 29.855149,
		131.027571, 25.619907, 29.808934,
		131.027571, 25.619907, 29.808934,
		131.009270, 25.532512, 29.852489,
		131.014285, 33.124998, 29.855149,
		131.014285, 33.124998, 29.855149,
		131.009270, 25.532512, 29.852489,
		130.987735, 33.124998, 29.907256,
		131.009270, 25.532512, 29.852489,
		130.993921, 25.459213, 29.889019,
		130.987735, 33.124998, 29.907256,
		130.987735, 33.124998, 29.907256,
		130.993921, 25.459213, 29.889019,
		130.951028, 33.124998, 30.139019,
		130.993921, 25.459213, 29.889019,
		130.993320, 25.455131, 29.890724,
		130.951028, 33.124998, 30.139019,
		130.951028, 33.124998, 30.139019,
		130.993320, 25.455131, 29.890724,
		130.993320, 25.455131, 29.890724,
		130.992047, 25.444222, 29.895341,
		130.951028, 33.124998, 30.139019,
		130.992047, 25.444222, 29.895341,
		130.992047, 25.444222, 29.895341,
		130.966084, 25.221733, 29.989493,
		130.951028, 33.124998, 30.139019,
		130.966084, 25.221733, 29.989493,
		130.966084, 25.221733, 29.989493,
		130.951028, 24.877302, 30.138022,
		130.951028, 33.124998, 30.139019,
		130.951028, 33.124998, 30.139019,
		130.951028, 24.877302, 30.138022,
		130.951028, 24.874999, 30.139019
	],
	"morphTargets":[],