{
	"metadata":{
		"formatVersion": 3,
		"fileName"     : "203.json",
		"generatedBy"  : "RaidaJSONExporter",
		"vertices"     : 22,
		"faces"        : 8,
		"normals"      : 22,
		"colors"       : 22
	},
	"materials":[],
	"vertices":[
		117.195761, -18.393738, 69.771963,
		117.195761, -18.433440, 69.771963,
		117.208284, -18.431200, 69.818702,
		117.311858, -18.393738, 69.740855,
		117.311858, -18.433440, 69.740855,
		117.324381, -18.431200, 69.787594,
		117.195761, -18.393738, 69.771963,
		117.311858, -18.393738, 69.740855,
		117.195761, -18.433440, 69.771963,
		117.311858, -18.433440, 69.740855,
		117.208284, -18.431200, 69.818702,
		117.324381, -18.431200, 69.787594,
		117.195761, -18.393738, 69.771963,
		117.324381, -18.431200, 69.787594,
		117.311858, -18.393738, 69.740855,
		117.195761, -18.393738, 69.771963,
		117.324381, -18.431200, 69.787594,
		117.208284, -18.431200, 69.818702,
		117.311858, -18.433440, 69.740855,
		117.208284, -18.431200, 69.818702,
		117.195761, -18.433440, 69.771963,
		117.311858, -18.433440, 69.740855
	],
	"morphTargets":[],
	"normals":[
		-0.965926, 0.000000, 0.258819,
		-0.965926, 0.000000, 0.258819,
		-0.965926, 0.000000, 0.258819,
		-0.965926, 0.000000, 0.258819,
		-0.965926, 0.000000, 0.258819,
		-0.965926, 0.000000, 0.258819,
		-0.258819, -0.000000, -0.965926,
		-0.258819, -0.000000, -0.965926,
		-0.258819, -0.000000, -0.965926,
		-0.258819, -0.000000, -0.965926,
		0.158446, 0.790712, 0.591328,
		0.158446, 0.790712, 0.591328,
		0.158446, 0.790712, 0.591328,
		0.158446, 0.790712, 0.591328,
		0.158446, 0.790712, 0.591328,
		0.158446, 0.790712, 0.591328,
		0.011968, -0.998930, 0.044666,
		0.011968, -0.998930, 0.044666,
		0.011968, -0.998930, 0.044666,
		0.011968, -0.998930, 0.044666,
		0.011968, -0.998930, 0.044666,
		0.011968, -0.998930, 0.044666
	],
	"colors":[
		255,
		255,
		255,
		255,
		255,
		255,
		255,
		255,
		255,
		255,
		255,
		255,
		255,
		255,
		255,
		255,
		255,
		255,
		255,
		255,
		255,
		255
	],
	"uvs":[[]],
	"faces":[
		160, 0, 1, 2, 0, 1, 2, 0, 1, 2,
		160, 3, 4, 5, 3, 4, 5, 3, 4, 5,
		160, 6, 7, 8, 6, 7, 8, 6, 7, 8,
		160, 7, 9, 8, 7, 9, 8, 7, 9, 8,
		160, 10, 11, 12, 10, 11, 12, 10, 11, 12,
		160, 13, 14, 15, 13, 14, 15, 13, 14, 15,
		160, 16, 17, 18, 16, 17, 18, 16, 17, 18,
		160, 19, 20, 21, 19, 20, 21, 19, 20, 21
	]
}
