{
	"metadata":{
		"formatVersion": 3,
		"fileName"     : "218.json",
		"generatedBy"  : "RaidaJSONExporter",
		"vertices"     : 171,
		"faces"        : 66,
		"normals"      : 171,
		"colors"       : 171
	},
	"materials":[],
	"vertices":[
		146.788040, 25.094855, 61.919614,
		146.595700, 25.195774, 61.919614,
		141.127101, 14.305619, 61.424347,
		146.595700, 25.195774, 61.919614,
		140.934752, 14.406539, 61.424347,
		141.127101, 14.305619, 61.424347,
		140.237837, 13.078269, 59.862137,
		140.934752, 14.406539, 61.424347,
		147.292614, 26.524045, 60.479350,
		140.934752, 14.406539, 61.424347,
		146.595700, 25.195774, 61.919614,
		147.292614, 26.524045, 60.479350,
		146.788040, 25.094855, 61.919614,
		141.127101, 14.305619, 61.424347,
		147.547675, 26.234293, 60.611926,
		141.127101, 14.305619, 61.424347,
		140.621194, 13.033056, 60.005939,
		147.547675, 26.234293, 60.611926,
		147.547675, 26.234293, 60.611926,
		140.621194, 13.033056, 60.005939,
		147.560798, 26.273609, 60.572643,
		140.621194, 13.033056, 60.005939,
		140.615721, 13.021158, 59.992319,
		147.560798, 26.273609, 60.572643,
		147.560798, 26.273609, 60.572643,
		140.615721, 13.021158, 59.992319,
		140.615721, 13.021158, 59.992319,
		140.596300, 13.000420, 59.963798,
		147.560798, 26.273609, 60.572643,
		147.560798, 26.273609, 60.572643,
		140.596300, 13.000420, 59.963798,
		147.568467, 26.296585, 60.549689,
		140.596300, 13.000420, 59.963798,
		140.570225, 12.972578, 59.925501,
		147.568467, 26.296585, 60.549689,
		147.568467, 26.296585, 60.549689,
		140.570225, 12.972578, 59.925501,
		140.570225, 12.972578, 59.925501,
		140.567146, 12.971506, 59.923023,
		147.568467, 26.296585, 60.549689,
		147.568467, 26.296585, 60.549689,
		140.567146, 12.971506, 59.923023,
		147.565632, 26.313488, 60.536580,
		140.567146, 12.971506, 59.923023,
		140.527826, 12.957792, 59.891348,
		147.565632, 26.313488, 60.536580,
		147.565632, 26.313488, 60.536580,
		140.527826, 12.957792, 59.891348,
		147.559324, 26.351046, 60.507458,
		140.527826, 12.957792, 59.891348,
		147.559324, 26.351046, 60.507458,
		147.559324, 26.351046, 60.507458,
		140.527826, 12.957792, 59.891348,
		147.557456, 26.354003, 60.505778,
		147.557456, 26.354003, 60.505778,
		147.557456, 26.354003, 60.505778,
		140.527826, 12.957792, 59.891348,
		147.536177, 26.387698, 60.486625,
		140.527826, 12.957792, 59.891348,
		140.520316, 12.955171, 59.885299,
		147.536177, 26.387698, 60.486625,
		147.536177, 26.387698, 60.486625,
		140.520316, 12.955171, 59.885299,
		140.520316, 12.955171, 59.885299,
		140.486637, 12.956541, 59.870266,
		147.536177, 26.387698, 60.486625,
		147.536177, 26.387698, 60.486625,
		140.486637, 12.956541, 59.870266,
		147.534750, 26.388862, 60.486268,
		140.486637, 12.956541, 59.870266,
		147.534750, 26.388862, 60.486268,
		147.534750, 26.388862, 60.486268,
		140.486637, 12.956541, 59.870266,
		147.507708, 26.410981, 60.479529,
		140.486637, 12.956541, 59.870266,
		140.479738, 12.956821, 59.867183,
		147.507708, 26.410981, 60.479529,
		147.507708, 26.410981, 60.479529,
		140.479738, 12.956821, 59.867183,
		140.479738, 12.956821, 59.867183,
		140.446960, 12.968545, 59.862137,
		147.507708, 26.410981, 60.479529,
		147.507708, 26.410981, 60.479529,
		140.446960, 12.968545, 59.862137,
		147.501747, 26.414321, 60.479350,
		140.446960, 12.968545, 59.862137,
		140.237837, 13.078269, 59.862137,
		147.501747, 26.414321, 60.479350,
		147.501747, 26.414321, 60.479350,
		140.237837, 13.078269, 59.862137,
		147.292614, 26.524045, 60.479350,
		146.788040, 25.094855, 61.919614,
		146.595700, 25.195774, 61.919614,
		147.547675, 26.234293, 60.611926,
		147.547675, 26.234293, 60.611926,
		146.595700, 25.195774, 61.919614,
		147.560798, 26.273609, 60.572643,
		146.595700, 25.195774, 61.919614,
		147.565632, 26.313488, 60.536580,
		147.560798, 26.273609, 60.572643,
		147.560798, 26.273609, 60.572643,
		147.565632, 26.313488, 60.536580,
		147.568467, 26.296585, 60.549689,
		140.479738, 12.956821, 59.867183,
		140.446960, 12.968545, 59.862137,
		140.486637, 12.956541, 59.870266,
		140.486637, 12.956541, 59.870266,
		140.446960, 12.968545, 59.862137,
		140.446960, 12.968545, 59.862137,
		140.237837, 13.078269, 59.862137,
		140.486637, 12.956541, 59.870266,
		140.486637, 12.956541, 59.870266,
		140.237837, 13.078269, 59.862137,
		140.520316, 12.955171, 59.885299,
		140.237837, 13.078269, 59.862137,
		140.520316, 12.955171, 59.885299,
		140.520316, 12.955171, 59.885299,
		140.237837, 13.078269, 59.862137,
		140.527826, 12.957792, 59.891348,
		140.527826, 12.957792, 59.891348,
		140.527826, 12.957792, 59.891348,
		140.237837, 13.078269, 59.862137,
		140.567146, 12.971506, 59.923023,
		140.567146, 12.971506, 59.923023,
		140.567146, 12.971506, 59.923023,
		140.237837, 13.078269, 59.862137,
		140.570225, 12.972578, 59.925501,
		140.570225, 12.972578, 59.925501,
		140.570225, 12.972578, 59.925501,
		140.237837, 13.078269, 59.862137,
		140.596300, 13.000420, 59.963798,
		140.596300, 13.000420, 59.963798,
		140.596300, 13.000420, 59.963798,
		140.237837, 13.078269, 59.862137,
		140.615721, 13.021158, 59.992319,
		140.615721, 13.021158, 59.992319,
		140.615721, 13.021158, 59.992319,
		140.237837, 13.078269, 59.862137,
		140.621194, 13.033056, 60.005939,
		140.237837, 13.078269, 59.862137,
		140.934752, 14.406539, 61.424347,
		140.621194, 13.033056, 60.005939,
		140.621194, 13.033056, 60.005939,
		140.934752, 14.406539, 61.424347,
		141.127101, 14.305619, 61.424347,
		147.565632, 26.313488, 60.536580,
		146.595700, 25.195774, 61.919614,
		147.559324, 26.351046, 60.507458,
		147.559324, 26.351046, 60.507458,
		146.595700, 25.195774, 61.919614,
		147.557456, 26.354003, 60.505778,
		146.595700, 25.195774, 61.919614,
		147.557456, 26.354003, 60.505778,
		147.557456, 26.354003, 60.505778,
		146.595700, 25.195774, 61.919614,
		147.536177, 26.387698, 60.486625,
		147.536177, 26.387698, 60.486625,
		147.536177, 26.387698, 60.486625,
		146.595700, 25.195774, 61.919614,
		147.534750, 26.388862, 60.486268,
		147.534750, 26.388862, 60.486268,
		147.534750, 26.388862, 60.486268,
		146.595700, 25.195774, 61.919614,
		147.507708, 26.410981, 60.479529,
		147.507708, 26.410981, 60.479529,
		147.507708, 26.410981, 60.479529,
		146.595700, 25.195774, 61.919614,
		147.501747, 26.414321, 60.479350,
		146.595700, 25.195774, 61.919614,
		147.292614, 26.524045, 60.479350,
		147.501747, 26.414321, 60.479350
	],
	"morphTargets":[],