{
	"metadata":{
		"formatVersion": 3,
		"fileName"     : "219.json",
		"generatedBy"  : "RaidaJSONExporter",
		"vertices"     : 156,
		"faces"        : 60,
		"normals"      : 156,
		"colors"       : 156
	},
	"materials":[],
	"vertices":[
		146.788069, 25.094842, 67.784791,
		146.595701, 25.195775, 67.784791,
		146.788069, 25.094842, 61.919614,
		146.595701, 25.195775, 61.919614,
		146.595701, 25.195775, 61.919614,
		146.595701, 25.195775, 67.784791,
		147.292615, 26.524046, 60.479350,
		146.595701, 25.195775, 67.784791,
		147.292615, 26.524046, 69.334422,
		147.292615, 26.524046, 60.479350,
		146.788069, 25.094842, 61.919614,
		147.547676, 26.234295, 60.611926,
		146.788069, 25.094842, 67.784791,
		147.547676, 26.234295, 60.611926,
		146.788069, 25.094842, 67.784791,
		146.788069, 25.094842, 67.784791,
		147.547676, 26.234295, 60.611926,
		147.547676, 26.234295, 69.191780,
		147.547676, 26.234295, 60.611926,
		147.554359, 26.245554, 60.599372,
		147.547676, 26.234295, 69.191780,
		147.547676, 26.234295, 69.191780,
		147.554359, 26.245554, 60.599372,
		147.560442, 26.273688, 69.233944,
		147.554359, 26.245554, 60.599372,
		147.560639, 26.273296, 60.572981,
		147.560442, 26.273688, 69.233944,
		147.560442, 26.273688, 69.233944,
		147.560639, 26.273296, 60.572981,
		147.560639, 26.273296, 60.572981,
		147.568580, 26.308387, 60.539603,
		147.560442, 26.273688, 69.233944,
		147.560442, 26.273688, 69.233944,
		147.568580, 26.308387, 60.539603,
		147.568570, 26.298761, 69.260785,
		147.568580, 26.308387, 60.539603,
		147.568570, 26.298761, 69.260785,
		147.568570, 26.298761, 69.260785,
		147.568580, 26.308387, 60.539603,
		147.565811, 26.313480, 69.272922,
		147.568580, 26.308387, 60.539603,
		147.567228, 26.313660, 60.535721,
		147.565811, 26.313480, 69.272922,
		147.565811, 26.313480, 69.272922,
		147.567228, 26.313660, 60.535721,
		147.567228, 26.313660, 60.535721,
		147.556912, 26.354015, 60.506013,
		147.565811, 26.313480, 69.272922,
		147.565811, 26.313480, 69.272922,
		147.556912, 26.354015, 60.506013,
		147.557804, 26.354213, 69.306343,
		147.556912, 26.354015, 60.506013,
		147.557804, 26.354213, 69.306343,
		147.557804, 26.354213, 69.306343,
		147.556912, 26.354015, 60.506013,
		147.535014, 26.388957, 69.327190,
		147.556912, 26.354015, 60.506013,
		147.555523, 26.359427, 60.502033,
		147.535014, 26.388957, 69.327190,
		147.535014, 26.388957, 69.327190,
		147.555523, 26.359427, 60.502033,
		147.555523, 26.359427, 60.502033,
		147.534272, 26.388581, 60.486723,
		147.535014, 26.388957, 69.327190,
		147.535014, 26.388957, 69.327190,
		147.534272, 26.388581, 60.486723,
		147.507295, 26.411226, 69.334253,
		147.534272, 26.388581, 60.486723,
		147.531005, 26.393061, 60.484372,
		147.507295, 26.411226, 69.334253,
		147.507295, 26.411226, 69.334253,
		147.531005, 26.393061, 60.484372,
		147.531005, 26.393061, 60.484372,
		147.501748, 26.414319, 60.479350,
		147.507295, 26.411226, 69.334253,
		147.507295, 26.411226, 69.334253,
		147.501748, 26.414319, 60.479350,
		147.501748, 26.414319, 69.334422,
		147.501748, 26.414319, 60.479350,
		147.292615, 26.524046, 60.479350,
		147.501748, 26.414319, 69.334422,
		147.501748, 26.414319, 69.334422,
		147.292615, 26.524046, 60.479350,
		147.292615, 26.524046, 69.334422,
		146.788069, 25.094842, 67.784791,
		146.595701, 25.195775, 67.784791,
		147.547676, 26.234295, 69.191780,
		147.547676, 26.234295, 69.191780,
		146.595701, 25.195775, 67.784791,
		147.560442, 26.273688, 69.233944,
		146.595701, 25.195775, 67.784791,
		147.565811, 26.313480, 69.272922,
		147.560442, 26.273688, 69.233944,
		147.560442, 26.273688, 69.233944,
		147.565811, 26.313480, 69.272922,
		147.568570, 26.298761, 69.260785,
		147.565811, 26.313480, 69.272922,
		146.595701, 25.195775, 67.784791,
		147.557804, 26.354213, 69.306343,
		147.557804, 26.354213, 69.306343,
		146.595701, 25.195775, 67.784791,
		147.535014, 26.388957, 69.327190,
		146.595701, 25.195775, 67.784791,
		147.535014, 26.388957, 69.327190,
		147.535014, 26.388957, 69.327190,
		146.595701, 25.195775, 67.784791,
		147.507295, 26.411226, 69.334253,
		147.507295, 26.411226, 69.334253,
		147.507295, 26.411226, 69.334253,
		146.595701, 25.195775, 67.784791,
		147.501748, 26.414319, 69.334422,
		146.595701, 25.195775, 67.784791,
		147.292615, 26.524046, 69.334422,
		147.501748, 26.414319, 69.334422,
		147.531005, 26.393061, 60.484372,
		147.534272, 26.388581, 60.486723,
		147.501748, 26.414319, 60.479350,
		147.534272, 26.388581, 60.486723,
		147.501748, 26.414319, 60.479350,
		147.501748, 26.414319, 60.479350,
		147.534272, 26.388581, 60.486723,
		147.292615, 26.524046, 60.479350,
		147.534272, 26.388581, 60.486723,
		147.555523, 26.359427, 60.502033,
		147.292615, 26.524046, 60.479350,
		147.292615, 26.524046, 60.479350,
		147.555523, 26.359427, 60.502033,
		147.555523, 26.359427, 60.502033,
		147.556912, 26.354015, 60.506013,
		147.292615, 26.524046, 60.479350,
		147.556912, 26.354015, 60.506013,
		147.556912, 26.354015, 60.506013,
		147.567228, 26.313660, 60.535721,
		147.292615, 26.524046, 60.479350,
		147.567228, 26.313660, 60.535721,
		147.567228, 26.313660, 60.535721,
		147.568580, 26.308387, 60.539603,
		147.292615, 26.524046, 60.479350,
		147.568580, 26.308387, 60.539603,
		147.568580, 26.308387, 60.539603,
		147.560639, 26.273296, 60.572981,
		147.292615, 26.524046, 60.479350,
		147.560639, 26.273296, 60.572981,
		147.560639, 26.273296, 60.572981,
		147.554359, 26.245554, 60.599372,
		147.292615, 26.524046, 60.479350,
		147.554359, 26.245554, 60.599372,
		147.554359, 26.245554, 60.599372,
		147.547676, 26.234295, 60.611926,
		147.292615, 26.524046, 60.479350,
		147.292615, 26.524046, 60.479350,
		147.547676, 26.234295, 60.611926,
		146.595701, 25.195775, 61.919614,
		147.547676, 26.234295, 60.611926,
		146.788069, 25.094842, 61.919614,
		146.595701, 25.195775, 61.919614
	],
	"morphTargets":[],