{
	"metadata":{
		"formatVersion": 3,
		"fileName"     : "222.json",
		"generatedBy"  : "RaidaJSONExporter",
		"vertices"     : 24,
		"faces"        : 12,
		"normals"      : 24,
		"colors"       : 24
	},
	"materials":[],
	"vertices":[
		121.095277, -20.129615, 67.440029,
		117.231574, -20.129615, 68.475305,
		121.095277, -13.629616, 67.440029,
		117.231574, -13.629616, 68.475305,
		117.828849, -13.629616, 70.704365,
		121.692552, -13.629616, 69.669089,
		117.231574, -13.629616, 68.475305,
		121.095277, -13.629616, 67.440029,
		117.231574, -20.129615, 68.475305,
		121.095277, -20.129615, 67.440029,
		117.828849, -20.129615, 70.704365,
		121.692552, -20.129615, 69.669089,
		117.828849, -20.129615, 70.704365,
		117.828849, -13.629616, 70.704365,
		117.231574, -20.129615, 68.475305,
		117.231574, -13.629616, 68.475305,
		121.095277, -13.629616, 67.440029,
		121.692552, -13.629616, 69.669089,
		121.095277, -20.129615, 67.440029,
		121.692552, -20.129615, 69.669089,
		121.692552, -13.629616, 69.669089,
		117.828849, -13.629616, 70.704365,
		121.692552, -20.129615, 69.669089,
		117.828849, -20.129615, 70.704365
	],
	"morphTargets":[],
	"normals":[
		-0.258819, 0.000000, -0.965926,
		-0.258819, 0.000000, -0.965926,
		-0.258819, 0.000000, -0.965926,
		-0.258819, 0.000000, -0.965926,
		0.000000, 1.000000, 0.000000,
		0.000000, 1.000000, 0.000000,
		0.000000, 1.000000, 0.000000,
		0.000000, 1.000000, 0.000000,
		0.000000, -1.000000, 0.000000,
		0.000000, -1.000000, 0.000000,
		0.000000, -1.000000, 0.000000,
		0.000000, -1.000000, 0.000000,
		-0.965926, 0.000000, 0.258819,
		-0.965926, 0.000000, 0.258819,
		-0.965926, 0.000000, 0.258819,
		-0.965926, 0.000000, 0.258819,
		0.965926, 0.000000, -0.258819,
		0.965926, 0.000000, -0.258819,
		0.965926, 0.000000, -0.258819,
		0.965926, 0.000000, -0.258819,
		0.258819, 0.000000, 0.965926,
		0.258819, 0.000000, 0.965926,
		0.258819, 0.000000, 0.965926,
		0.258819, 0.000000, 0.965926
	],
	"colors":[
		255,
		255,
		255,
		255,
		255,
		255,
		255,
		255,
		255,
		255,
		255,
		255,
		255,
		255,
		255,
		255,
		255,
		255,
		255,
		255,
		255,
		255,
		255,
		255
	],
	"uvs":[[]],
	"faces":[
		160, 0, 1, 2, 0, 1, 2, 0, 1, 2,
		160, 1, 3, 2, 1, 3, 2, 1, 3, 2,
		160, 4, 5, 6, 4, 5, 6, 4, 5, 6,
		160, 5, 7, 6, 5, 7, 6, 5, 7, 6,
		160, 8, 9, 10, 8, 9, 10, 8, 9, 10,
		160, 9, 11, 10, 9, 11, 10, 9, 11, 10,
		160, 12, 13, 14, 12, 13, 14, 12, 13, 14,
		160, 13, 15, 14, 13, 15, 14, 13, 15, 14,
		160, 16, 17, 18, 16, 17, 18, 16, 17, 18,
		160, 17, 19, 18, 17, 19, 18, 17, 19, 18,
		160, 20, 21, 22, 20, 21, 22, 20, 21, 22,
		160, 21, 23, 22, 21, 23, 22, 21, 23, 22
	]
}
