{
	"metadata":{
		"formatVersion": 3,
		"fileName"     : "227.json",
		"generatedBy"  : "RaidaJSONExporter",
		"vertices"     : 162,
		"faces"        : 54,
		"normals"      : 162,
		"colors"       : 162
	},
	"materials":[],
	"vertices":[
		121.661471, -21.184234, 74.312177,
		121.676791, -21.158523, 74.338716,
		121.622905, -21.092309, 74.245379,
		121.676791, -21.158523, 74.338716,
		121.638225, -21.066597, 74.271913,
		121.622905, -21.092309, 74.245379,
		121.711561, -21.064376, 74.398942,
		121.691563, -20.995094, 74.364298,
		121.702903, -21.074377, 74.383940,
		121.691563, -20.995094, 74.364298,
		121.682897, -21.005092, 74.349301,
		121.702903, -21.074377, 74.383940,
		121.895671, -21.013751, 74.717822,
		121.895666, -20.893751, 74.717822,
		121.875672, -21.013752, 74.683183,
		121.895666, -20.893751, 74.717822,
		121.875667, -20.893750, 74.683184,
		121.875672, -21.013752, 74.683183,
		122.278246, -21.569364, 75.380474,
		122.274778, -21.529972, 75.374461,
		122.219160, -21.590202, 75.278132,
		122.274778, -21.529972, 75.374461,
		122.215692, -21.550810, 75.272118,
		122.219160, -21.590202, 75.278132,
		121.952559, -20.986329, 74.816367,
		121.959509, -20.907547, 74.828400,
		121.942714, -20.982858, 74.799312,
		121.959509, -20.907547, 74.828400,
		121.949664, -20.904074, 74.811340,
		121.942714, -20.982858, 74.799312,
		121.661464, -22.190767, 74.312179,
		121.622901, -22.282693, 74.245379,
		121.676794, -22.216479, 74.338714,
		121.622901, -22.282693, 74.245379,
		121.638221, -22.308404, 74.271913,
		121.676794, -22.216479, 74.338714,
		121.702904, -22.300627, 74.383941,
		121.682904, -22.369909, 74.349298,
		121.711564, -22.310627, 74.398942,
		121.682904, -22.369909, 74.349298,
		121.691563, -22.379910, 74.364300,
		121.711564, -22.310627, 74.398942,
		121.828625, -22.392144, 74.601696,
		121.818770, -22.388670, 74.584636,
		121.821675, -22.470928, 74.589663,
		121.818770, -22.388670, 74.584636,
		121.811829, -22.467457, 74.572607,
		121.821675, -22.470928, 74.589663,
		122.079775, -22.379909, 75.036705,
		122.088432, -22.369908, 75.051707,
		122.059778, -22.310626, 75.002066,
		122.088432, -22.369908, 75.051707,
		122.068435, -22.300627, 75.017067,
		122.059778, -22.310626, 75.002066,
		122.162263, -22.138629, 75.179580,
		122.155837, -22.153952, 75.168449,
		122.192903, -22.190052, 75.232653,
		122.155837, -22.153952, 75.168449,
		122.186478, -22.205374, 75.221523,
		122.192903, -22.190052, 75.232653,
		122.256896, -21.968375, 75.343493,
		122.260318, -21.949583, 75.349418,
		122.219310, -21.941014, 75.278388,
		122.260318, -21.949583, 75.349418,
		122.222732, -21.922222, 75.284313,
		122.219310, -21.941014, 75.278388,
		122.282543, -21.677501, 75.387911,
		122.242545, -21.677502, 75.318629,
		122.282545, -21.697500, 75.387911,
		122.242545, -21.677502, 75.318629,
		122.242547, -21.697502, 75.318628,
		122.282545, -21.697500, 75.387911,
		122.222732, -21.452780, 75.284313,
		122.260322, -21.425419, 75.349420,
		122.219312, -21.433987, 75.278387,
		122.260322, -21.425419, 75.349420,
		122.256902, -21.406627, 75.343494,
		122.219312, -21.433987, 75.278387,
		122.155833, -21.221052, 75.168449,
		122.162264, -21.236372, 75.179582,
		122.186482, -21.169629, 75.221521,
		122.162264, -21.236372, 75.179582,
		122.192904, -21.184948, 75.232654,
		122.186482, -21.169629, 75.221521,
		122.059775, -21.064374, 75.002066,
		122.068434, -21.074375, 75.017067,
		122.079775, -20.995094, 75.036708,
		122.068434, -21.074375, 75.017067,
		122.088435, -21.005095, 75.051709,
		122.079775, -20.995094, 75.036708,
		121.949657, -22.470928, 74.811342,
		121.959509, -22.467456, 74.828401,
		121.942710, -22.392144, 74.799310,
		121.959509, -22.467456, 74.828401,
		121.952563, -22.388672, 74.816369,
		121.942710, -22.392144, 74.799310,
		121.821672, -20.904072, 74.589666,
		121.811829, -20.907546, 74.572607,
		121.828619, -20.982859, 74.601698,
		121.811829, -20.907546, 74.572607,
		121.818776, -20.986332, 74.584639,
		121.828619, -20.982859, 74.601698,
		121.740532, -22.426541, 74.449120,
		121.759329, -22.440223, 74.481672,
		121.761052, -22.313778, 74.484664,
		121.759329, -22.440223, 74.481672,
		121.779849, -22.327461, 74.517216,
		121.761052, -22.313778, 74.484664,
		121.875667, -22.361250, 74.683181,
		121.875663, -22.481251, 74.683181,
		121.895666, -22.361250, 74.717825,
		121.875663, -22.481251, 74.683181,
		121.895672, -22.481252, 74.717824,
		121.895666, -22.361250, 74.717825,
		122.030808, -22.426542, 74.951888,
		122.010281, -22.313778, 74.916343,
		122.012009, -22.440221, 74.919333,
		122.010281, -22.313778, 74.916343,
		121.991491, -22.327459, 74.883792,
		122.012009, -22.440221, 74.919333,
		122.148433, -22.282692, 75.155629,
		122.109867, -22.190766, 75.088826,
		122.133114, -22.308404, 75.129091,
		122.109867, -22.190766, 75.088826,
		122.094547, -22.216479, 75.062292,
		122.133114, -22.308404, 75.129091,
		122.234375, -22.067057, 75.304477,
		122.182408, -22.007054, 75.214475,
		122.224370, -22.101697, 75.287154,
		122.182408, -22.007054, 75.214475,
		122.172412, -22.041696, 75.197156,
		122.224370, -22.101697, 75.287154,
		122.274781, -21.845032, 75.374462,
		122.278252, -21.805638, 75.380474,
		122.215691, -21.824194, 75.272116,
		122.278252, -21.805638, 75.380474,
		122.219161, -21.784801, 75.278133,
		122.215691, -21.824194, 75.272116,
		122.172406, -21.333305, 75.197154,
		122.182409, -21.367946, 75.214474,
		122.224368, -21.273306, 75.287157,
		122.182409, -21.367946, 75.214474,
		122.234372, -21.307948, 75.304477,
		122.224368, -21.273306, 75.287157,
		122.133117, -21.066597, 75.129095,
		122.094545, -21.158522, 75.062294,
		122.148438, -21.092309, 75.155629,
		122.094545, -21.158522, 75.062294,
		122.109865, -21.184234, 75.088829,
		122.148438, -21.092309, 75.155629,
		122.030807, -20.948461, 74.951888,
		122.012009, -20.934779, 74.919336,
		122.010287, -21.061223, 74.916344,
		122.012009, -20.934779, 74.919336,
		121.991489, -21.047543, 74.883791,
		122.010287, -21.061223, 74.916344,
		121.779848, -21.047542, 74.517216,
		121.759330, -20.934779, 74.481671,
		121.761057, -21.061224, 74.484665,
		121.759330, -20.934779, 74.481671,
		121.740530, -20.948459, 74.449120,
		121.761057, -21.061224, 74.484665
	],
	"morphTargets":[],