{
	"metadata":{
		"formatVersion": 3,
		"fileName"     : "234.json",
		"generatedBy"  : "RaidaJSONExporter",
		"vertices"     : 57,
		"faces"        : 20,
		"normals"      : 57,
		"colors"       : 57
	},
	"materials":[],
	"vertices":[
		121.275562, -31.679699, 76.522212,
		121.268754, -31.334293, 76.139189,
		121.268370, -31.693359, 76.509500,
		121.268754, -31.334293, 76.139189,
		121.281681, -31.330051, 76.143045,
		121.275562, -31.679699, 76.522212,
		121.275562, -31.679699, 76.522212,
		121.281681, -31.330051, 76.143045,
		121.288489, -31.675456, 76.526068,
		121.274103, -31.702779, 76.500645,
		121.274479, -31.343708, 76.130334,
		121.268370, -31.693359, 76.509500,
		121.268370, -31.693359, 76.509500,
		121.274479, -31.343708, 76.130334,
		121.268754, -31.334293, 76.139189,
		121.311815, -31.681926, 76.519821,
		121.288489, -31.675456, 76.526068,
		121.305006, -31.336521, 76.136799,
		121.305006, -31.336521, 76.136799,
		121.288489, -31.675456, 76.526068,
		121.281681, -31.330051, 76.143045,
		121.297429, -31.709250, 76.494394,
		121.311815, -31.681926, 76.519821,
		121.297805, -31.350179, 76.124082,
		121.297805, -31.350179, 76.124082,
		121.311815, -31.681926, 76.519821,
		121.305006, -31.336521, 76.136799,
		121.274479, -31.343708, 76.130334,
		121.274103, -31.702779, 76.500645,
		121.297805, -31.350179, 76.124082,
		121.297805, -31.350179, 76.124082,
		121.274103, -31.702779, 76.500645,
		121.297429, -31.709250, 76.494394,
		121.274103, -31.702779, 76.500645,
		121.268370, -31.693359, 76.509500,
		121.297429, -31.709250, 76.494394,
		121.297429, -31.709250, 76.494394,
		121.268370, -31.693359, 76.509500,
		121.268370, -31.693359, 76.509500,
		121.275562, -31.679699, 76.522212,
		121.297429, -31.709250, 76.494394,
		121.275562, -31.679699, 76.522212,
		121.275562, -31.679699, 76.522212,
		121.288489, -31.675456, 76.526068,
		121.297429, -31.709250, 76.494394,
		121.297429, -31.709250, 76.494394,
		121.288489, -31.675456, 76.526068,
		121.311815, -31.681926, 76.519821,
		121.268754, -31.334293, 76.139189,
		121.274479, -31.343708, 76.130334,
		121.281681, -31.330051, 76.143045,
		121.281681, -31.330051, 76.143045,
		121.274479, -31.343708, 76.130334,
		121.305006, -31.336521, 76.136799,
		121.274479, -31.343708, 76.130334,
		121.297805, -31.350179, 76.124082,
		121.305006, -31.336521, 76.136799
	],
	"morphTargets":[],
	"normals":[
		-0.933069, 0.258719, 0.249894,
		-0.933069, 0.258719, 0.249894,
		-0.933069, 0.258719, 0.249894,
		0.405437, -0.675262, -0.616151,
		0.405437, -0.675262, -0.616151,
		0.405437, -0.675262, -0.616151,
		0.405452, -0.675257, -0.616146,
		0.405452, -0.675257, -0.616146,
		0.405452, -0.675257, -0.616146,
		0.914122, 0.290607, 0.282714,
		0.914122, 0.290607, 0.282714,
		0.914122, 0.290607, 0.282714,
		0.914298, 0.290315, 0.282448,
		0.914298, 0.290315, 0.282448,
		0.914298, 0.290315, 0.282448,
		-0.359515, -0.696149, -0.621389,
		-0.359515, -0.696149, -0.621389,
		-0.359515, -0.696149, -0.621389,
		-0.359515, -0.696149, -0.621389,
		-0.359515, -0.696149, -0.621389,
		-0.359515, -0.696149, -0.621389,
		-0.933071, 0.258703, 0.249902,
		-0.933071, 0.258703, 0.249902,
		-0.933071, 0.258703, 0.249902,
		-0.932927, 0.258993, 0.250140,
		-0.932927, 0.258993, 0.250140,
		-0.932927, 0.258993, 0.250140,
		0.359880, 0.669635, 0.649673,
		0.359880, 0.669635, 0.649673,
		0.359880, 0.669635, 0.649673,
		0.359880, 0.669635, 0.649673,
		0.359880, 0.669635, 0.649673,
		0.359880, 0.669635, 0.649673,
		-0.006384, 0.682806, -0.730572,
		-0.006384, 0.682806, -0.730572,
		-0.006384, 0.682806, -0.730572,
		0.000000, 0.000000, -0.000000,
		0.000000, 0.000000, -0.000000,
		-0.006193, 0.682992, -0.730400,
		-0.006193, 0.682992, -0.730400,
		-0.006193, 0.682992, -0.730400,
		0.000000, 0.000000, -0.000000,
		-0.006293, 0.682952, -0.730436,
		-0.006293, 0.682952, -0.730436,
		-0.006293, 0.682952, -0.730436,
		-0.006161, 0.682971, -0.730419,
		-0.006161, 0.682971, -0.730419,
		-0.006161, 0.682971, -0.730419,
		0.006294, -0.683075, 0.730321,
		0.006294, -0.683075, 0.730321,
		0.006294, -0.683075, 0.730321,
		0.006130, -0.683030, 0.730365,
		0.006130, -0.683030, 0.730365,
		0.006130, -0.683030, 0.730365,
		0.006191, -0.683171, 0.730232,
		0.006191, -0.683171, 0.730232,
		0.006191, -0.683171, 0.730232
	],
	"colors":[
		16711680,
		16711680,
		16711680,
		16711680,
		16711680,
		16711680,
		16711680,
		16711680,
		16711680,
		16711680,
		16711680,
		16711680,
		16711680,
		16711680,
		16711680,
		16711680,
		16711680,
		16711680,
		16711680,
		16711680,
		16711680,
		16711680,
		16711680,
		16711680,
		16711680,
		16711680,
		16711680,
		16711680,
		16711680,
		16711680,
		16711680,
		16711680,
		16711680,
		16711680,
		16711680,
		16711680,
		16711680,
		16711680,
		16711680,
		16711680,
		16711680,
		16711680,
		16711680,
		16711680,
		16711680,
		16711680,
		16711680,
		16711680,
		16711680,
		16711680,
		16711680,
		16711680,
		16711680,
		16711680,
		16711680,
		16711680,
		16711680
	],
	"uvs":[[]],
	"faces":[
		160, 0, 1, 2, 0, 1, 2, 0, 1, 2,
		160, 3, 4, 5, 3, 4, 5, 3, 4, 5,
		160, 6, 7, 8, 6, 7, 8, 6, 7, 8,
		160, 9, 10, 11, 9, 10, 11, 9, 10, 11,
		160, 12, 13, 14, 12, 13, 14, 12, 13, 14,
		160, 15, 16, 17, 15, 16, 17, 15, 16, 17,
		160, 18, 19, 20, 18, 19, 20, 18, 19, 20,
		160, 21, 22, 23, 21, 22, 23, 21, 22, 23,
		160, 24, 25, 26, 24, 25, 26, 24, 25, 26,
		160, 27, 28, 29, 27, 28, 29, 27, 28, 29,
		160, 30, 31, 32, 30, 31, 32, 30, 31, 32,
		160, 33, 34, 35, 33, 34, 35, 33, 34, 35,
		160, 36, 37, 36, 36, 37, 36, 36, 37, 36,
		160, 38, 39, 40, 38, 39, 40, 38, 39, 40,
		160, 36, 41, 36, 36, 41, 36, 36, 41, 36,
		160, 42, 43, 44, 42, 43, 44, 42, 43, 44,
		160, 45, 46, 47, 45, 46, 47, 45, 46, 47,
		160, 48, 49, 50, 48, 49, 50, 48, 49, 50,
		160, 51, 52, 53, 51, 52, 53, 51, 52, 53,
		160, 54, 55, 56, 54, 55, 56, 54, 55, 56
	]
}
