{
	"metadata":{
		"formatVersion": 3,
		"fileName"     : "235.json",
		"generatedBy"  : "RaidaJSONExporter",
		"vertices"     : 58,
		"faces"        : 20,
		"normals"      : 58,
		"colors"       : 58
	},
	"materials":[],
	"vertices":[
		121.272030, -15.306643, 76.523159,
		121.086426, -14.961233, 76.188045,
		121.271908, -15.320301, 76.508553,
		121.086426, -14.961233, 76.188045,
		121.095817, -14.951815, 76.192849,
		121.272030, -15.306643, 76.523159,
		121.272030, -15.306643, 76.523159,
		121.095817, -14.951815, 76.192849,
		121.281421, -15.297224, 76.527963,
		121.281177, -15.324544, 76.498751,
		121.095686, -14.965476, 76.178242,
		121.271908, -15.320301, 76.508553,
		121.271908, -15.320301, 76.508553,
		121.095686, -14.965476, 76.178242,
		121.086426, -14.961233, 76.188045,
		121.304746, -15.290753, 76.521716,
		121.281421, -15.297224, 76.527963,
		121.119142, -14.945345, 76.186602,
		121.119142, -14.945345, 76.186602,
		121.281421, -15.297224, 76.527963,
		121.095817, -14.951815, 76.192849,
		121.304503, -15.318073, 76.492500,
		121.304746, -15.290753, 76.521716,
		121.119011, -14.959005, 76.171991,
		121.119011, -14.959005, 76.171991,
		121.304746, -15.290753, 76.521716,
		121.119142, -14.945345, 76.186602,
		121.095686, -14.965476, 76.178242,
		121.281177, -15.324544, 76.498751,
		121.119011, -14.959005, 76.171991,
		121.119011, -14.959005, 76.171991,
		121.281177, -15.324544, 76.498751,
		121.304503, -15.318073, 76.492500,
		121.281177, -15.324544, 76.498751,
		121.271908, -15.320301, 76.508553,
		121.304503, -15.318073, 76.492500,
		121.304503, -15.318073, 76.492500,
		121.271908, -15.320301, 76.508553,
		121.271908, -15.320301, 76.508553,
		121.272030, -15.306643, 76.523159,
		121.304503, -15.318073, 76.492500,
		121.304503, -15.318073, 76.492500,
		121.272030, -15.306643, 76.523159,
		121.272030, -15.306643, 76.523159,
		121.281421, -15.297224, 76.527963,
		121.304503, -15.318073, 76.492500,
		121.304503, -15.318073, 76.492500,
		121.281421, -15.297224, 76.527963,
		121.304746, -15.290753, 76.521716,
		121.086426, -14.961233, 76.188045,
		121.095686, -14.965476, 76.178242,
		121.095817, -14.951815, 76.192849,
		121.095817, -14.951815, 76.192849,
		121.095686, -14.965476, 76.178242,
		121.119142, -14.945345, 76.186602,
		121.095686, -14.965476, 76.178242,
		121.119011, -14.959005, 76.171991,
		121.119142, -14.945345, 76.186602
	],
	"morphTargets":[],
	"normals":[
		-0.933017, -0.258920, 0.249880,
		-0.933017, -0.258920, 0.249880,
		-0.933017, -0.258920, 0.249880,
		0.660247, -0.309247, -0.684427,
		0.660247, -0.309247, -0.684427,
		0.660247, -0.309247, -0.684427,
		0.660258, -0.309236, -0.684421,
		0.660258, -0.309236, -0.684421,
		0.660258, -0.309236, -0.684421,
		0.668974, 0.656575, 0.348402,
		0.668974, 0.656575, 0.348402,
		0.668974, 0.656575, 0.348402,
		0.669259, 0.656441, 0.348106,
		0.669259, 0.656441, 0.348106,
		0.669259, 0.656441, 0.348106,
		0.000826, -0.696102, -0.717943,
		0.000826, -0.696102, -0.717943,
		0.000826, -0.696102, -0.717943,
		0.000826, -0.696102, -0.717943,
		0.000826, -0.696102, -0.717943,
		0.000826, -0.696102, -0.717943,
		-0.933011, -0.258935, 0.249886,
		-0.933011, -0.258935, 0.249886,
		-0.933011, -0.258935, 0.249886,
		-0.933017, -0.258645, 0.250164,
		-0.933017, -0.258645, 0.250164,
		-0.933017, -0.258645, 0.250164,
		0.013246, 0.669656, 0.742554,
		0.013246, 0.669656, 0.742554,
		0.013246, 0.669656, 0.742554,
		0.013246, 0.669656, 0.742553,
		0.013246, 0.669656, 0.742553,
		0.013246, 0.669656, 0.742553,
		-0.359825, 0.682787, -0.635868,
		-0.359825, 0.682787, -0.635868,
		-0.359825, 0.682787, -0.635868,
		-0.000000, 0.000000, 0.000000,
		-0.000000, 0.000000, 0.000000,
		-0.359742, 0.683018, -0.635666,
		-0.359742, 0.683018, -0.635666,
		-0.359742, 0.683018, -0.635666,
		0.000000, 0.000000, -0.000000,
		0.000000, 0.000000, -0.000000,
		-0.359812, 0.682940, -0.635711,
		-0.359812, 0.682940, -0.635711,
		-0.359812, 0.682940, -0.635711,
		-0.359705, 0.683018, -0.635687,
		-0.359705, 0.683018, -0.635687,
		-0.359705, 0.683018, -0.635687,
		0.359869, -0.683031, 0.635581,
		0.359869, -0.683031, 0.635581,
		0.359869, -0.683031, 0.635581,
		0.359704, -0.683077, 0.635625,
		0.359704, -0.683077, 0.635625,
		0.359704, -0.683077, 0.635625,
		0.359822, -0.683152, 0.635477,
		0.359822, -0.683152, 0.635477,
		0.359822, -0.683152, 0.635477
	],
	"colors":[
		16711680,
		16711680,
		16711680,
		16711680,
		16711680,
		16711680,
		16711680,
		16711680,
		16711680,
		16711680,
		16711680,
		16711680,
		16711680,
		16711680,
		16711680,
		16711680,
		16711680,
		16711680,
		16711680,
		16711680,
		16711680,
		16711680,
		16711680,
		16711680,
		16711680,
		16711680,
		16711680,
		16711680,
		16711680,
		16711680,
		16711680,
		16711680,
		16711680,
		16711680,
		16711680,
		16711680,
		16711680,
		16711680,
		16711680,
		16711680,
		16711680,
		16711680,
		16711680,
		16711680,
		16711680,
		16711680,
		16711680,
		16711680,
		16711680,
		16711680,
		16711680,
		16711680,
		16711680,
		16711680,
		16711680,
		16711680,
		16711680,
		16711680
	],
	"uvs":[[]],
	"faces":[
		160, 0, 1, 2, 0, 1, 2, 0, 1, 2,
		160, 3, 4, 5, 3, 4, 5, 3, 4, 5,
		160, 6, 7, 8, 6, 7, 8, 6, 7, 8,
		160, 9, 10, 11, 9, 10, 11, 9, 10, 11,
		160, 12, 13, 14, 12, 13, 14, 12, 13, 14,
		160, 15, 16, 17, 15, 16, 17, 15, 16, 17,
		160, 18, 19, 20, 18, 19, 20, 18, 19, 20,
		160, 21, 22, 23, 21, 22, 23, 21, 22, 23,
		160, 24, 25, 26, 24, 25, 26, 24, 25, 26,
		160, 27, 28, 29, 27, 28, 29, 27, 28, 29,
		160, 30, 31, 32, 30, 31, 32, 30, 31, 32,
		160, 33, 34, 35, 33, 34, 35, 33, 34, 35,
		160, 36, 37, 36, 36, 37, 36, 36, 37, 36,
		160, 38, 39, 40, 38, 39, 40, 38, 39, 40,
		160, 41, 42, 41, 41, 42, 41, 41, 42, 41,
		160, 43, 44, 45, 43, 44, 45, 43, 44, 45,
		160, 46, 47, 48, 46, 47, 48, 46, 47, 48,
		160, 49, 50, 51, 49, 50, 51, 49, 50, 51,
		160, 52, 53, 54, 52, 53, 54, 52, 53, 54,
		160, 55, 56, 57, 55, 56, 57, 55, 56, 57
	]
}
