{
	"metadata":{
		"formatVersion": 3,
		"fileName"     : "239.json",
		"generatedBy"  : "RaidaJSONExporter",
		"vertices"     : 59,
		"faces"        : 21,
		"normals"      : 59,
		"colors"       : 59
	},
	"materials":[],
	"vertices":[
		121.858897, -21.680432, 74.724126,
		121.584974, -21.146734, 74.249682,
		121.851823, -21.694572, 74.711880,
		121.584974, -21.146734, 74.249682,
		121.597171, -21.139662, 74.250810,
		121.858897, -21.680432, 74.724126,
		121.858897, -21.680432, 74.724126,
		121.597171, -21.139662, 74.250810,
		121.871084, -21.673358, 74.725248,
		121.856945, -21.701644, 74.700756,
		121.590096, -21.153804, 74.238563,
		121.851823, -21.694572, 74.711880,
		121.851823, -21.694572, 74.711880,
		121.590096, -21.153804, 74.238563,
		121.584974, -21.146734, 74.249682,
		121.878600, -21.701645, 74.688257,
		121.611751, -21.153804, 74.226060,
		121.856945, -21.701644, 74.700756,
		121.856945, -21.701644, 74.700756,
		121.611751, -21.153804, 74.226060,
		121.590096, -21.153804, 74.238563,
		121.611751, -21.153804, 74.226060,
		121.878600, -21.701645, 74.688257,
		121.618816, -21.139661, 74.238307,
		121.618816, -21.139661, 74.238307,
		121.878600, -21.701645, 74.688257,
		121.892739, -21.673359, 74.712750,
		121.892739, -21.673359, 74.712750,
		121.871084, -21.673358, 74.725248,
		121.618816, -21.139661, 74.238307,
		121.618816, -21.139661, 74.238307,
		121.871084, -21.673358, 74.725248,
		121.597171, -21.139662, 74.250810,
		121.856945, -21.701644, 74.700756,
		121.851823, -21.694572, 74.711880,
		121.878600, -21.701645, 74.688257,
		121.878600, -21.701645, 74.688257,
		121.851823, -21.694572, 74.711880,
		121.851823, -21.694572, 74.711880,
		121.858897, -21.680432, 74.724126,
		121.878600, -21.701645, 74.688257,
		121.858897, -21.680432, 74.724126,
		121.858897, -21.680432, 74.724126,
		121.871084, -21.673358, 74.725248,
		121.878600, -21.701645, 74.688257,
		121.878600, -21.701645, 74.688257,
		121.871084, -21.673358, 74.725248,
		121.892739, -21.673359, 74.712750,
		121.584974, -21.146734, 74.249682,
		121.590096, -21.153804, 74.238563,
		121.597171, -21.139662, 74.250810,
		121.597171, -21.139662, 74.250810,
		121.590096, -21.153804, 74.238563,
		121.590096, -21.153804, 74.238563,
		121.611751, -21.153804, 74.226060,
		121.597171, -21.139662, 74.250810,
		121.597171, -21.139662, 74.250810,
		121.611751, -21.153804, 74.226060,
		121.618816, -21.139661, 74.238307
	],
	"morphTargets":[],
	"normals":[
		-0.865969, 0.000112, 0.500098,
		-0.865969, 0.000112, 0.500098,
		-0.865969, 0.000112, 0.500098,
		0.365795, -0.506415, -0.780857,
		0.365795, -0.506415, -0.780857,
		0.365795, -0.506415, -0.780857,
		0.365861, -0.506378, -0.780850,
		0.365861, -0.506378, -0.780850,
		0.365861, -0.506378, -0.780850,
		0.865677, 0.493342, 0.084959,
		0.865677, 0.493342, 0.084959,
		0.865677, 0.493342, 0.084959,
		0.865645, 0.493386, 0.085027,
		0.865645, 0.493386, 0.085027,
		0.865645, 0.493386, 0.085027,
		0.358081, 0.697801, 0.620364,
		0.358081, 0.697801, 0.620364,
		0.358081, 0.697801, 0.620364,
		0.358154, 0.697799, 0.620324,
		0.358154, 0.697799, 0.620324,
		0.358154, 0.697799, 0.620324,
		-0.866114, -0.000171, 0.499846,
		-0.866114, -0.000171, 0.499846,
		-0.866114, -0.000171, 0.499846,
		-0.866039, -0.000033, 0.499976,
		-0.866039, -0.000033, 0.499976,
		-0.866039, -0.000033, 0.499976,
		-0.348839, -0.716292, -0.604348,
		-0.348839, -0.716292, -0.604348,
		-0.348839, -0.716292, -0.604348,
		-0.348989, -0.716288, -0.604266,
		-0.348989, -0.716288, -0.604266,
		-0.348989, -0.716288, -0.604266,
		-0.353378, 0.707240, -0.612320,
		-0.353378, 0.707240, -0.612320,
		-0.353378, 0.707240, -0.612320,
		0.000000, 0.000000, -0.000000,
		0.000000, 0.000000, -0.000000,
		-0.353443, 0.707163, -0.612371,
		-0.353443, 0.707163, -0.612371,
		-0.353443, 0.707163, -0.612371,
		0.000000, 0.000000, -0.000000,
		-0.353868, 0.706889, -0.612442,
		-0.353868, 0.706889, -0.612442,
		-0.353868, 0.706889, -0.612442,
		-0.353473, 0.707050, -0.612485,
		-0.353473, 0.707050, -0.612485,
		-0.353473, 0.707050, -0.612485,
		0.353381, -0.707122, 0.612454,
		0.353381, -0.707122, 0.612454,
		0.353381, -0.707122, 0.612454,
		0.000000, 0.000000, 0.000000,
		0.000000, 0.000000, 0.000000,
		0.353558, -0.707122, 0.612352,
		0.353558, -0.707122, 0.612352,
		0.353558, -0.707122, 0.612352,
		0.353771, -0.706978, 0.612395,
		0.353771, -0.706978, 0.612395,
		0.353771, -0.706978, 0.612395
	],
	"colors":[
		16711680,
		16711680,
		16711680,
		16711680,
		16711680,
		16711680,
		16711680,
		16711680,
		16711680,
		16711680,
		16711680,
		16711680,
		16711680,
		16711680,
		16711680,
		16711680,
		16711680,
		16711680,
		16711680,
		16711680,
		16711680,
		16711680,
		16711680,
		16711680,
		16711680,
		16711680,
		16711680,
		16711680,
		16711680,
		16711680,
		16711680,
		16711680,
		16711680,
		16711680,
		16711680,
		16711680,
		16711680,
		16711680,
		16711680,
		16711680,
		16711680,
		16711680,
		16711680,
		16711680,
		16711680,
		16711680,
		16711680,
		16711680,
		16711680,
		16711680,
		16711680,
		16711680,
		16711680,
		16711680,
		16711680,
		16711680,
		16711680,
		16711680,
		16711680
	],
	"uvs":[[]],
	"faces":[
		160, 0, 1, 2, 0, 1, 2, 0, 1, 2,
		160, 3, 4, 5, 3, 4, 5, 3, 4, 5,
		160, 6, 7, 8, 6, 7, 8, 6, 7, 8,
		160, 9, 10, 11, 9, 10, 11, 9, 10, 11,
		160, 12, 13, 14, 12, 13, 14, 12, 13, 14,
		160, 15, 16, 17, 15, 16, 17, 15, 16, 17,
		160, 18, 19, 20, 18, 19, 20, 18, 19, 20,
		160, 21, 22, 23, 21, 22, 23, 21, 22, 23,
		160, 24, 25, 26, 24, 25, 26, 24, 25, 26,
		160, 27, 28, 29, 27, 28, 29, 27, 28, 29,
		160, 30, 31, 32, 30, 31, 32, 30, 31, 32,
		160, 33, 34, 35, 33, 34, 35, 33, 34, 35,
		160, 36, 37, 36, 36, 37, 36, 36, 37, 36,
		160, 38, 39, 40, 38, 39, 40, 38, 39, 40,
		160, 36, 41, 36, 36, 41, 36, 36, 41, 36,
		160, 42, 43, 44, 42, 43, 44, 42, 43, 44,
		160, 45, 46, 47, 45, 46, 47, 45, 46, 47,
		160, 48, 49, 50, 48, 49, 50, 48, 49, 50,
		160, 51, 52, 51, 51, 52, 51, 51, 52, 51,
		160, 53, 54, 55, 53, 54, 55, 53, 54, 55,
		160, 56, 57, 58, 56, 57, 58, 56, 57, 58
	]
}
