{
	"metadata":{
		"formatVersion": 3,
		"fileName"     : "241.json",
		"generatedBy"  : "RaidaJSONExporter",
		"vertices"     : 59,
		"faces"        : 21,
		"normals"      : 59,
		"colors"       : 59
	},
	"materials":[],
	"vertices":[
		123.427769, -26.055434, 77.441509,
		122.936392, -25.086819, 76.590416,
		123.420701, -26.069575, 77.429264,
		122.936392, -25.086819, 76.590416,
		122.948576, -25.079721, 76.591519,
		123.427769, -26.055434, 77.441509,
		123.427769, -26.055434, 77.441509,
		122.948576, -25.079721, 76.591519,
		123.439972, -26.048362, 77.442635,
		123.425826, -26.076646, 77.418141,
		122.941508, -25.093864, 76.579269,
		123.420701, -26.069575, 77.429264,
		123.420701, -26.069575, 77.429264,
		122.941508, -25.093864, 76.579269,
		122.936392, -25.086819, 76.590416,
		123.439972, -26.048362, 77.442635,
		122.948576, -25.079721, 76.591519,
		123.461617, -26.048362, 77.430132,
		123.461617, -26.048362, 77.430132,
		122.948576, -25.079721, 76.591519,
		122.970231, -25.079721, 76.579020,
		123.447472, -26.076646, 77.405638,
		123.461617, -26.048362, 77.430132,
		122.963153, -25.093864, 76.566771,
		122.963153, -25.093864, 76.566771,
		123.461617, -26.048362, 77.430132,
		122.970231, -25.079721, 76.579020,
		122.963153, -25.093864, 76.566771,
		122.941508, -25.093864, 76.579269,
		123.447472, -26.076646, 77.405638,
		123.447472, -26.076646, 77.405638,
		122.941508, -25.093864, 76.579269,
		123.425826, -26.076646, 77.418141,
		123.447472, -26.076646, 77.405638,
		123.425826, -26.076646, 77.418141,
		123.461617, -26.048362, 77.430132,
		123.461617, -26.048362, 77.430132,
		123.425826, -26.076646, 77.418141,
		123.425826, -26.076646, 77.418141,
		123.420701, -26.069575, 77.429264,
		123.461617, -26.048362, 77.430132,
		123.420701, -26.069575, 77.429264,
		123.420701, -26.069575, 77.429264,
		123.427769, -26.055434, 77.441509,
		123.461617, -26.048362, 77.430132,
		123.461617, -26.048362, 77.430132,
		123.427769, -26.055434, 77.441509,
		123.439972, -26.048362, 77.442635,
		122.963153, -25.093864, 76.566771,
		122.970231, -25.079721, 76.579020,
		122.941508, -25.093864, 76.579269,
		122.941508, -25.093864, 76.579269,
		122.970231, -25.079721, 76.579020,
		122.970231, -25.079721, 76.579020,
		122.948576, -25.079721, 76.591519,
		122.941508, -25.093864, 76.579269,
		122.941508, -25.093864, 76.579269,
		122.948576, -25.079721, 76.591519,
		122.936392, -25.086819, 76.590416
	],
	"morphTargets":[],
	"normals":[
		-0.866048, -0.000044, 0.499961,
		-0.866048, -0.000044, 0.499961,
		-0.866048, -0.000044, 0.499961,
		0.364297, -0.503549, -0.783407,
		0.364297, -0.503549, -0.783407,
		0.364297, -0.503549, -0.783407,
		0.364208, -0.503600, -0.783415,
		0.364208, -0.503600, -0.783415,
		0.364208, -0.503600, -0.783415,
		0.864156, 0.496393, 0.082635,
		0.864156, 0.496393, 0.082635,
		0.864156, 0.496393, 0.082635,
		0.864084, 0.496492, 0.082789,
		0.864084, 0.496492, 0.082789,
		0.864084, 0.496492, 0.082789,
		-0.351106, -0.712214, -0.607846,
		-0.351106, -0.712214, -0.607846,
		-0.351106, -0.712214, -0.607846,
		-0.350894, -0.712211, -0.607972,
		-0.350894, -0.712211, -0.607972,
		-0.350894, -0.712211, -0.607972,
		-0.865997, 0.000059, 0.500050,
		-0.865997, 0.000059, 0.500050,
		-0.865997, 0.000059, 0.500050,
		-0.865947, 0.000163, 0.500136,
		-0.865947, 0.000163, 0.500136,
		-0.865947, 0.000163, 0.500136,
		0.356133, 0.701964, 0.616779,
		0.356133, 0.701964, 0.616779,
		0.356133, 0.701964, 0.616779,
		0.356232, 0.701965, 0.616720,
		0.356232, 0.701965, 0.616720,
		0.356232, 0.701965, 0.616720,
		-0.353670, 0.707124, -0.612285,
		-0.353670, 0.707124, -0.612285,
		-0.353670, 0.707124, -0.612285,
		0.000000, 0.000000, 0.000000,
		0.000000, 0.000000, 0.000000,
		-0.353600, 0.707076, -0.612381,
		-0.353600, 0.707076, -0.612381,
		-0.353600, 0.707076, -0.612381,
		0.000000, 0.000000, 0.000000,
		-0.353582, 0.707043, -0.612429,
		-0.353582, 0.707043, -0.612429,
		-0.353582, 0.707043, -0.612429,
		-0.353527, 0.707409, -0.612038,
		-0.353527, 0.707409, -0.612038,
		-0.353527, 0.707409, -0.612038,
		0.353531, -0.707204, 0.612273,
		0.353531, -0.707204, 0.612273,
		0.353531, -0.707204, 0.612273,
		0.000000, -0.000000, 0.000000,
		0.000000, -0.000000, 0.000000,
		0.353474, -0.707086, 0.612442,
		0.353474, -0.707086, 0.612442,
		0.353474, -0.707086, 0.612442,
		0.356694, -0.707081, 0.610578,
		0.356694, -0.707081, 0.610578,
		0.356694, -0.707081, 0.610578
	],
	"colors":[
		16711680,
		16711680,
		16711680,
		16711680,
		16711680,
		16711680,
		16711680,
		16711680,
		16711680,
		16711680,
		16711680,
		16711680,
		16711680,
		16711680,
		16711680,
		16711680,
		16711680,
		16711680,
		16711680,
		16711680,
		16711680,
		16711680,
		16711680,
		16711680,
		16711680,
		16711680,
		16711680,
		16711680,
		16711680,
		16711680,
		16711680,
		16711680,
		16711680,
		16711680,
		16711680,
		16711680,
		16711680,
		16711680,
		16711680,
		16711680,
		16711680,
		16711680,
		16711680,
		16711680,
		16711680,
		16711680,
		16711680,
		16711680,
		16711680,
		16711680,
		16711680,
		16711680,
		16711680,
		16711680,
		16711680,
		16711680,
		16711680,
		16711680,
		16711680
	],
	"uvs":[[]],
	"faces":[
		160, 0, 1, 2, 0, 1, 2, 0, 1, 2,
		160, 3, 4, 5, 3, 4, 5, 3, 4, 5,
		160, 6, 7, 8, 6, 7, 8, 6, 7, 8,
		160, 9, 10, 11, 9, 10, 11, 9, 10, 11,
		160, 12, 13, 14, 12, 13, 14, 12, 13, 14,
		160, 15, 16, 17, 15, 16, 17, 15, 16, 17,
		160, 18, 19, 20, 18, 19, 20, 18, 19, 20,
		160, 21, 22, 23, 21, 22, 23, 21, 22, 23,
		160, 24, 25, 26, 24, 25, 26, 24, 25, 26,
		160, 27, 28, 29, 27, 28, 29, 27, 28, 29,
		160, 30, 31, 32, 30, 31, 32, 30, 31, 32,
		160, 33, 34, 35, 33, 34, 35, 33, 34, 35,
		160, 36, 37, 36, 36, 37, 36, 36, 37, 36,
		160, 38, 39, 40, 38, 39, 40, 38, 39, 40,
		160, 36, 41, 36, 36, 41, 36, 36, 41, 36,
		160, 42, 43, 44, 42, 43, 44, 42, 43, 44,
		160, 45, 46, 47, 45, 46, 47, 45, 46, 47,
		160, 48, 49, 50, 48, 49, 50, 48, 49, 50,
		160, 51, 52, 51, 51, 52, 51, 51, 52, 51,
		160, 53, 54, 55, 53, 54, 55, 53, 54, 55,
		160, 56, 57, 58, 56, 57, 58, 56, 57, 58
	]
}
