{
	"metadata":{
		"formatVersion": 3,
		"fileName"     : "242.json",
		"generatedBy"  : "RaidaJSONExporter",
		"vertices"     : 162,
		"faces"        : 54,
		"normals"      : 162,
		"colors"       : 162
	},
	"materials":[],
	"vertices":[
		121.218570, -26.633112, 73.545058,
		121.203247, -26.658824, 73.518519,
		121.257139, -26.725039, 73.611855,
		121.203247, -26.658824, 73.518519,
		121.241817, -26.750750, 73.585320,
		121.257139, -26.725039, 73.611855,
		121.254055, -26.586603, 73.606528,
		121.245397, -26.596604, 73.591526,
		121.274058, -26.655886, 73.641167,
		121.245397, -26.596604, 73.591526,
		121.265402, -26.665886, 73.626169,
		121.274058, -26.655886, 73.641167,
		121.375663, -26.518755, 73.817157,
		121.375666, -26.638754, 73.817159,
		121.395665, -26.518755, 73.851798,
		121.375666, -26.638754, 73.817159,
		121.395668, -26.638755, 73.851800,
		121.395665, -26.518755, 73.851798,
		121.651669, -26.948387, 74.295219,
		121.592585, -26.969224, 74.192876,
		121.655147, -26.987781, 74.301231,
		121.592585, -26.969224, 74.192876,
		121.596062, -27.008618, 74.198888,
		121.655147, -26.987781, 74.301231,
		121.437797, -26.528751, 73.924777,
		121.427954, -26.525280, 73.907718,
		121.430850, -26.607536, 73.912748,
		121.427954, -26.525280, 73.907718,
		121.421007, -26.604063, 73.895690,
		121.430850, -26.607536, 73.912748,
		121.257132, -27.399971, 73.611858,
		121.241812, -27.374261, 73.585320,
		121.218571, -27.491899, 73.545054,
		121.241812, -27.374261, 73.585320,
		121.203244, -27.466184, 73.518522,
		121.218571, -27.491899, 73.545054,
		121.245394, -27.528405, 73.591531,
		121.254053, -27.538406, 73.606527,
		121.265395, -27.459123, 73.626169,
		121.254053, -27.538406, 73.606527,
		121.274056, -27.469123, 73.641169,
		121.265395, -27.459123, 73.626169,
		121.340479, -27.517473, 73.756207,
		121.333532, -27.596257, 73.744178,
		121.350322, -27.520946, 73.773265,
		121.333532, -27.596257, 73.744178,
		121.343375, -27.599730, 73.761237,
		121.350322, -27.520946, 73.773265,
		121.517274, -27.538407, 74.062427,
		121.525931, -27.528405, 74.077429,
		121.497271, -27.469124, 74.027788,
		121.525931, -27.528405, 74.077429,
		121.505937, -27.459125, 74.042788,
		121.497271, -27.469124, 74.027788,
		121.590717, -27.419680, 74.189645,
		121.597149, -27.404360, 74.200774,
		121.560080, -27.368257, 74.136571,
		121.597149, -27.404360, 74.200774,
		121.566503, -27.352937, 74.147703,
		121.560080, -27.368257, 74.136571,
		121.639431, -27.257875, 74.274017,
		121.642857, -27.239081, 74.279943,
		121.601849, -27.230514, 74.208916,
		121.642857, -27.239081, 74.279943,
		121.605265, -27.211719, 74.214839,
		121.601849, -27.230514, 74.208916,
		121.657537, -27.072504, 74.305381,
		121.657542, -27.052505, 74.305380,
		121.617540, -27.072505, 74.236097,
		121.657542, -27.052505, 74.305380,
		121.617537, -27.052504, 74.236098,
		121.617540, -27.072505, 74.236097,
		121.642859, -26.885929, 74.279942,
		121.639431, -26.867133, 74.274022,
		121.605264, -26.913289, 74.214838,
		121.639431, -26.867133, 74.274022,
		121.601845, -26.894496, 74.208916,
		121.605264, -26.913289, 74.214838,
		121.560074, -26.756751, 74.136570,
		121.566510, -26.772073, 74.147703,
		121.590718, -26.705328, 74.189643,
		121.566510, -26.772073, 74.147703,
		121.597145, -26.720648, 74.200778,
		121.590718, -26.705328, 74.189643,
		121.497274, -26.655885, 74.027790,
		121.505934, -26.665887, 74.042786,
		121.517275, -26.586604, 74.062428,
		121.505934, -26.665887, 74.042786,
		121.525936, -26.596604, 74.077429,
		121.517275, -26.586604, 74.062428,
		121.430855, -27.517473, 73.912747,
		121.421003, -27.520945, 73.895691,
		121.437803, -27.596258, 73.924778,
		121.421003, -27.520945, 73.895691,
		121.427951, -27.599730, 73.907721,
		121.437803, -27.596258, 73.924778,
		121.340474, -26.607537, 73.756208,
		121.350326, -26.604064, 73.773264,
		121.333535, -26.528753, 73.744176,
		121.350326, -26.604064, 73.773264,
		121.343379, -26.525279, 73.761238,
		121.333535, -26.528753, 73.744176,
		121.283286, -27.566622, 73.657146,
		121.302077, -27.580303, 73.689694,
		121.303801, -27.453859, 73.692688,
		121.302077, -27.580303, 73.689694,
		121.322593, -27.467539, 73.725241,
		121.303801, -27.453859, 73.692688,
		121.395666, -27.606255, 73.851798,
		121.395664, -27.486254, 73.851800,
		121.375664, -27.606255, 73.817157,
		121.395664, -27.486254, 73.851800,
		121.375662, -27.486254, 73.817159,
		121.375664, -27.606255, 73.817157,
		121.469255, -27.580303, 73.979259,
		121.488048, -27.566622, 74.011812,
		121.448736, -27.467540, 73.943718,
		121.488048, -27.566622, 74.011812,
		121.467528, -27.453859, 73.976266,
		121.448736, -27.467540, 73.943718,
		121.568082, -27.466186, 74.150436,
		121.529520, -27.374262, 74.083633,
		121.552760, -27.491896, 74.123901,
		121.529520, -27.374262, 74.083633,
		121.514199, -27.399972, 74.057098,
		121.552760, -27.491896, 74.123901,
		121.564155, -27.291700, 74.143629,
		121.616116, -27.351701, 74.233630,
		121.574156, -27.257059, 74.160953,
		121.616116, -27.351701, 74.233630,
		121.626117, -27.317060, 74.250949,
		121.574156, -27.257059, 74.160953,
		121.596062, -27.116392, 74.198890,
		121.592587, -27.155786, 74.192871,
		121.655150, -27.137231, 74.301234,
		121.592587, -27.155786, 74.192871,
		121.651676, -27.176622, 74.295219,
		121.655150, -27.137231, 74.301234,
		121.626117, -26.807950, 74.250950,
		121.616116, -26.773308, 74.233633,
		121.574159, -26.867951, 74.160952,
		121.616116, -26.773308, 74.233633,
		121.564157, -26.833309, 74.143630,
		121.574159, -26.867951, 74.160952,
		121.568086, -26.658824, 74.150438,
		121.552766, -26.633113, 74.123899,
		121.529517, -26.750749, 74.083635,
		121.552766, -26.633113, 74.123899,
		121.514197, -26.725038, 74.057097,
		121.529517, -26.750749, 74.083635,
		121.469252, -26.544706, 73.979261,
		121.448736, -26.657471, 73.943714,
		121.488053, -26.558387, 74.011812,
		121.448736, -26.657471, 73.943714,
		121.467528, -26.671151, 73.976267,
		121.488053, -26.558387, 74.011812,
		121.283281, -26.558387, 73.657143,
		121.303801, -26.671149, 73.692689,
		121.302074, -26.544706, 73.689696,
		121.303801, -26.671149, 73.692689,
		121.322594, -26.657468, 73.725242,
		121.302074, -26.544706, 73.689696
	],
	"morphTargets":[],