{
	"metadata":{
		"formatVersion": 3,
		"fileName"     : "257.json",
		"generatedBy"  : "RaidaJSONExporter",
		"vertices"     : 87,
		"faces"        : 31,
		"normals"      : 87,
		"colors"       : 87
	},
	"materials":[],
	"vertices":[
		140.777602, 14.376064, 67.442482,
		140.777602, 14.376064, 61.320198,
		140.888297, 14.317987, 67.442482,
		140.777602, 14.376064, 61.320198,
		140.888297, 14.317987, 61.320198,
		140.888297, 14.317987, 67.442482,
		146.642154, 25.284327, 61.823599,
		146.531468, 25.342404, 61.823599,
		146.642154, 25.284327, 67.888142,
		146.531468, 25.342404, 67.888142,
		140.888297, 14.317987, 61.320198,
		140.777602, 14.376064, 61.320198,
		146.642154, 25.284327, 61.823599,
		140.777602, 14.376064, 61.320198,
		146.531468, 25.342404, 61.823599,
		146.642154, 25.284327, 61.823599,
		146.642154, 25.284327, 67.888142,
		146.531468, 25.342404, 67.888142,
		145.226727, 22.586649, 67.785593,
		146.531468, 25.342404, 67.888142,
		145.116041, 22.644726, 67.785593,
		145.226727, 22.586649, 67.785593,
		145.226727, 22.586649, 67.785593,
		145.116041, 22.644726, 67.785593,
		143.811375, 19.889115, 67.678403,
		145.116041, 22.644726, 67.785593,
		143.700689, 19.947191, 67.678403,
		143.811375, 19.889115, 67.678403,
		143.811375, 19.889115, 67.678403,
		143.700689, 19.947191, 67.678403,
		143.463350, 19.225805, 67.650896,
		143.700689, 19.947191, 67.678403,
		143.352663, 19.283882, 67.650896,
		143.463350, 19.225805, 67.650896,
		143.463350, 19.225805, 67.650896,
		143.352663, 19.283882, 67.650896,
		142.349794, 17.103474, 67.562878,
		143.352663, 19.283882, 67.650896,
		142.239108, 17.161551, 67.562878,
		142.349794, 17.103474, 67.562878,
		142.349794, 17.103474, 67.562878,
		142.239108, 17.161551, 67.562878,
		140.888297, 14.317987, 67.442482,
		142.239108, 17.161551, 67.562878,
		140.777602, 14.376064, 67.442482,
		140.888297, 14.317987, 67.442482,
		140.777602, 14.376064, 67.442482,
		142.239108, 17.161551, 67.562878,
		140.777602, 14.376064, 61.320198,
		142.239108, 17.161551, 67.562878,
		143.352663, 19.283882, 67.650896,
		140.777602, 14.376064, 61.320198,
		140.777602, 14.376064, 61.320198,
		143.352663, 19.283882, 67.650896,
		143.352663, 19.283882, 67.650896,
		143.700689, 19.947191, 67.678403,
		140.777602, 14.376064, 61.320198,
		140.777602, 14.376064, 61.320198,
		143.700689, 19.947191, 67.678403,
		146.531468, 25.342404, 61.823599,
		143.700689, 19.947191, 67.678403,
		145.116041, 22.644726, 67.785593,
		146.531468, 25.342404, 61.823599,
		146.531468, 25.342404, 61.823599,
		145.116041, 22.644726, 67.785593,
		146.531468, 25.342404, 67.888142,
		140.888297, 14.317987, 67.442482,
		142.349794, 17.103474, 67.562878,
		140.888297, 14.317987, 61.320198,
		140.888297, 14.317987, 61.320198,
		142.349794, 17.103474, 67.562878,
		142.349794, 17.103474, 67.562878,
		143.463350, 19.225805, 67.650896,
		140.888297, 14.317987, 61.320198,
		143.463350, 19.225805, 67.650896,
		143.463350, 19.225805, 67.650896,
		143.811375, 19.889115, 67.678403,
		140.888297, 14.317987, 61.320198,
		140.888297, 14.317987, 61.320198,
		143.811375, 19.889115, 67.678403,
		146.642154, 25.284327, 61.823599,
		143.811375, 19.889115, 67.678403,
		145.226727, 22.586649, 67.785593,
		146.642154, 25.284327, 61.823599,
		146.642154, 25.284327, 61.823599,
		145.226727, 22.586649, 67.785593,
		146.642154, 25.284327, 67.888142
	],
	"morphTargets":[],
	"normals":[
		-0.464595, -0.885523, -0.000000,
		-0.464595, -0.885523, -0.000000,
		-0.464595, -0.885523, -0.000000,
		-0.464595, -0.885523, 0.000000,
		-0.464595, -0.885523, 0.000000,
		-0.464595, -0.885523, 0.000000,
		0.464625, 0.885508, -0.000000,
		0.464625, 0.885508, -0.000000,
		0.464625, 0.885508, -0.000000,
		0.464625, 0.885508, -0.000000,
		0.018870, 0.035966, -0.999175,
		0.018870, 0.035966, -0.999175,
		0.018870, 0.035966, -0.999175,
		0.018871, 0.035965, -0.999175,
		0.018871, 0.035965, -0.999175,
		0.018871, 0.035965, -0.999175,
		-0.015631, -0.029791, 0.999434,
		-0.015631, -0.029791, 0.999434,
		-0.015631, -0.029791, 0.999434,
		-0.015631, -0.029791, 0.999434,
		-0.015631, -0.029791, 0.999434,
		-0.015631, -0.029791, 0.999434,
		-0.016339, -0.031139, 0.999382,
		-0.016339, -0.031139, 0.999382,
		-0.016339, -0.031139, 0.999382,
		-0.016339, -0.031139, 0.999382,
		-0.016339, -0.031139, 0.999382,
		-0.016339, -0.031139, 0.999382,
		-0.017050, -0.032495, 0.999326,
		-0.017050, -0.032495, 0.999326,
		-0.017050, -0.032495, 0.999326,
		-0.017050, -0.032495, 0.999326,
		-0.017050, -0.032495, 0.999326,
		-0.017050, -0.032495, 0.999326,
		-0.017052, -0.032498, 0.999326,
		-0.017052, -0.032498, 0.999326,
		-0.017052, -0.032498, 0.999326,
		-0.017052, -0.032498, 0.999326,
		-0.017052, -0.032498, 0.999326,
		-0.017052, -0.032498, 0.999326,
		-0.017770, -0.033867, 0.999268,
		-0.017770, -0.033867, 0.999268,
		-0.017770, -0.033867, 0.999268,
		-0.017769, -0.033868, 0.999268,
		-0.017769, -0.033868, 0.999268,
		-0.017769, -0.033868, 0.999268,
		-0.885512, 0.464616, 0.000000,
		-0.885512, 0.464616, 0.000000,
		-0.885512, 0.464616, 0.000000,
		-0.885513, 0.464615, 0.000000,
		-0.885513, 0.464615, 0.000000,
		-0.885513, 0.464615, 0.000000,
		0.000000, 0.000000, 0.000000,
		0.000000, 0.000000, 0.000000,
		-0.885514, 0.464612, 0.000003,
		-0.885514, 0.464612, 0.000003,
		-0.885514, 0.464612, 0.000003,
		-0.885513, 0.464615, 0.000001,
		-0.885513, 0.464615, 0.000001,
		-0.885513, 0.464615, 0.000001,
		-0.885513, 0.464614, 0.000000,
		-0.885513, 0.464614, 0.000000,
		-0.885513, 0.464614, 0.000000,
		-0.885513, 0.464614, 0.000000,
		-0.885513, 0.464614, 0.000000,
		-0.885513, 0.464614, 0.000000,
		-0.885514, 0.464614, 0.000000,
		-0.885514, 0.464614, 0.000000,
		-0.885514, 0.464614, 0.000000,
		0.000000, 0.000000, 0.000000,
		0.000000, 0.000000, 0.000000,
		-0.885513, 0.464615, -0.000001,
		-0.885513, 0.464615, -0.000001,
		-0.885513, 0.464615, -0.000001,
		0.000000, 0.000000, 0.000000,
		-0.885515, 0.464612, 0.000003,
		-0.885515, 0.464612, 0.000003,
		-0.885515, 0.464612, 0.000003,
		-0.885513, 0.464614, -0.000000,
		-0.885513, 0.464614, -0.000000,
		-0.885513, 0.464614, -0.000000,
		-0.885513, 0.464614, 0.000000,
		-0.885513, 0.464614, 0.000000,
		-0.885513, 0.464614, 0.000000,
		-0.885513, 0.464614, 0.000000,
		-0.885513, 0.464614, 0.000000,
		-0.885513, 0.464614, 0.000000
	],
	"colors":[
		8994623,
		8994623,
		8994623,
		8994623,
		8994623,
		8994623,
		8994623,
		8994623,
		8994623,
		8994623,
		8994623,
		8994623,
		8994623,
		8994623,
		8994623,
		8994623,
		8994623,
		8994623,
		8994623,
		8994623,
		8994623,
		8994623,
		8994623,
		8994623,
		8994623,
		8994623,
		8994623,
		8994623,
		8994623,
		8994623,
		8994623,
		8994623,
		8994623,
		8994623,
		8994623,
		8994623,
		8994623,
		8994623,
		8994623,
		8994623,
		8994623,
		8994623,
		8994623,
		8994623,
		8994623,
		8994623,
		8994623,
		8994623,
		8994623,
		8994623,
		8994623,
		8994623,
		8994623,
		8994623,
		8994623,
		8994623,
		8994623,
		8994623,
		8994623,
		8994623,
		8994623,
		8994623,
		8994623,
		8994623,
		8994623,
		8994623,
		8994623,
		8994623,
		8994623,
		8994623,
		8994623,
		8994623,
		8994623,
		8994623,
		8994623,
		8994623,
		8994623,
		8994623,
		8994623,
		8994623,
		8994623,
		8994623,
		8994623,
		8994623,
		8994623,
		8994623,
		8994623
	],
	"uvs":[[]],