{
	"metadata":{
		"formatVersion": 3,
		"fileName"     : "264.json",
		"generatedBy"  : "RaidaJSONExporter",
		"vertices"     : 151,
		"faces"        : 73,
		"normals"      : 151,
		"colors"       : 151
	},
	"materials":[],
	"vertices":[
		147.739536, 47.893834, 59.642206,
		146.621644, 47.997871, 59.767211,
		147.739536, 47.843425, 59.767211,
		130.951030, 11.999999, 59.767211,
		139.389761, 11.999999, 59.767211,
		130.951030, 11.999999, 59.517209,
		130.951030, 11.999999, 59.517209,
		139.389761, 11.999999, 59.767211,
		139.389761, 11.999999, 59.517209,
		139.389761, 11.999999, 59.517209,
		139.389761, 11.999999, 59.767211,
		147.739536, 27.913916, 59.517209,
		147.739536, 27.913916, 59.767211,
		130.951030, 49.694782, 59.517209,
		134.915977, 49.387343, 59.517209,
		130.951030, 49.644184, 59.642201,
		130.951030, 49.644184, 59.642201,
		134.915977, 49.387343, 59.517209,
		130.951030, 49.593647, 59.767211,
		134.915977, 49.387343, 59.517209,
		130.951030, 49.593647, 59.767211,
		130.951030, 49.593647, 59.767211,
		134.915977, 49.387343, 59.517209,
		134.905370, 49.287709, 59.767211,
		134.905370, 49.287709, 59.767211,
		134.905370, 49.287709, 59.767211,
		134.915977, 49.387343, 59.517209,
		134.948961, 49.283636, 59.767211,
		134.915977, 49.387343, 59.517209,
		135.179909, 49.362633, 59.517209,
		134.948961, 49.283636, 59.767211,
		134.948961, 49.283636, 59.767211,
		135.179909, 49.362633, 59.517209,
		135.179909, 49.362633, 59.517209,
		137.338967, 49.160499, 59.517209,
		134.948961, 49.283636, 59.767211,
		134.948961, 49.283636, 59.767211,
		137.338967, 49.160499, 59.517209,
		138.835409, 48.920329, 59.767211,
		137.338967, 49.160499, 59.517209,
		139.327584, 48.896686, 59.700013,
		138.835409, 48.920329, 59.767211,
		138.835409, 48.920329, 59.767211,
		139.327584, 48.896686, 59.700013,
		139.262480, 48.873346, 59.767211,
		139.327584, 48.896686, 59.700013,
		139.262480, 48.873346, 59.767211,
		139.262480, 48.873346, 59.767211,
		139.327584, 48.896686, 59.700013,
		140.120269, 48.778972, 59.767211,
		139.327584, 48.896686, 59.700013,
		139.498757, 48.947706, 59.517209,
		140.120269, 48.778972, 59.767211,
		140.120269, 48.778972, 59.767211,
		139.498757, 48.947706, 59.517209,
		139.498757, 48.947706, 59.517209,
		142.773099, 48.587135, 59.517209,
		140.120269, 48.778972, 59.767211,
		140.120269, 48.778972, 59.767211,
		142.773099, 48.587135, 59.517209,
		142.740922, 48.490665, 59.767211,
		142.773099, 48.587135, 59.517209,
		142.740922, 48.490665, 59.767211,
		142.740922, 48.490665, 59.767211,
		142.773099, 48.587135, 59.517209,
		143.559777, 48.386681, 59.767211,
		142.773099, 48.587135, 59.517209,
		143.801377, 48.456489, 59.517209,
		143.559777, 48.386681, 59.767211,
		143.559777, 48.386681, 59.767211,
		143.801377, 48.456489, 59.517209,
		146.621644, 47.997871, 59.767211,
		143.801377, 48.456489, 59.517209,
		146.664794, 48.092694, 59.517209,
		146.621644, 47.997871, 59.767211,
		146.621644, 47.997871, 59.767211,
		146.664794, 48.092694, 59.517209,
		147.739536, 47.893834, 59.642206,
		146.664794, 48.092694, 59.517209,
		147.739536, 47.944283, 59.517209,
		147.739536, 47.893834, 59.642206,
		130.951030, 49.694782, 59.517209,
		130.951030, 11.999999, 59.517209,
		130.951030, 49.644184, 59.642201,
		130.951030, 11.999999, 59.517209,
		130.951030, 49.644184, 59.642201,
		130.951030, 49.644184, 59.642201,
		130.951030, 11.999999, 59.517209,
		130.951030, 49.593647, 59.767211,
		130.951030, 11.999999, 59.767211,
		130.951030, 49.593647, 59.767211,
		147.739536, 47.843425, 59.767211,
		146.621644, 47.997871, 59.767211,
		147.739536, 27.913916, 59.767211,
		146.621644, 47.997871, 59.767211,
		147.739536, 27.913916, 59.767211,
		139.389761, 11.999999, 59.767211,
		143.559777, 48.386681, 59.767211,
		139.389761, 11.999999, 59.767211,
		143.559777, 48.386681, 59.767211,
		142.740922, 48.490665, 59.767211,
		142.740922, 48.490665, 59.767211,
		140.120269, 48.778972, 59.767211,
		140.120269, 48.778972, 59.767211,
		139.262480, 48.873346, 59.767211,
		130.951030, 11.999999, 59.767211,
		138.835409, 48.920329, 59.767211,
		130.951030, 11.999999, 59.767211,
		138.835409, 48.920329, 59.767211,
		134.948961, 49.283636, 59.767211,
		134.948961, 49.283636, 59.767211,
		134.905370, 49.287709, 59.767211,
		130.951030, 11.999999, 59.767211,
		134.905370, 49.287709, 59.767211,
		130.951030, 49.593647, 59.767211,
		130.951030, 49.694782, 59.517209,
		130.951030, 11.999999, 59.517209,
		134.915977, 49.387343, 59.517209,
		135.179909, 49.362633, 59.517209,
		135.179909, 49.362633, 59.517209,
		137.338967, 49.160499, 59.517209,
		137.338967, 49.160499, 59.517209,
		138.856736, 49.018405, 59.517209,
		138.856736, 49.018405, 59.517209,
		139.498757, 48.947706, 59.517209,
		139.389761, 11.999999, 59.517209,
		142.773099, 48.587135, 59.517209,
		139.389761, 11.999999, 59.517209,
		142.773099, 48.587135, 59.517209,
		143.801377, 48.456489, 59.517209,
		143.801377, 48.456489, 59.517209,
		146.664794, 48.092694, 59.517209,
		147.739536, 27.913916, 59.517209,
		147.739536, 47.944283, 59.517209,
		147.739536, 27.913916, 59.767211,
		147.739536, 47.843425, 59.767211,
		147.739536, 27.913916, 59.517209,
		147.739536, 27.913916, 59.517209,
		147.739536, 47.843425, 59.767211,
		147.739536, 47.843425, 59.767211,
		147.739536, 47.893834, 59.642206,
		147.739536, 27.913916, 59.517209,
		147.739536, 27.913916, 59.517209,
		147.739536, 47.893834, 59.642206,
		147.739536, 47.944283, 59.517209,
		137.338967, 49.160499, 59.517209,
		138.856736, 49.018405, 59.517209,
		139.327584, 48.896686, 59.700013,
		139.327584, 48.896686, 59.700013,
		138.856736, 49.018405, 59.517209,
		139.498757, 48.947706, 59.517209
	],
	"morphTargets":[],