{
	"metadata":{
		"formatVersion": 3,
		"fileName"     : "265.json",
		"generatedBy"  : "RaidaJSONExporter",
		"vertices"     : 154,
		"faces"        : 54,
		"normals"      : 154,
		"colors"       : 154
	},
	"materials":[],
	"vertices":[
		122.983250, -25.001390, 76.601572,
		123.073239, -25.215882, 76.757440,
		123.013888, -24.949968, 76.654648,
		123.103877, -25.164460, 76.810516,
		123.128695, -24.973735, 76.853502,
		123.146022, -24.953734, 76.883501,
		123.091195, -24.843832, 76.788552,
		123.146022, -24.953734, 76.883501,
		123.108523, -24.823831, 76.818551,
		123.091195, -24.843832, 76.788552,
		123.474542, -24.923754, 77.452529,
		123.474542, -24.643755, 77.452529,
		123.434546, -24.923754, 77.383247,
		123.434546, -24.643755, 77.383247,
		124.018747, -25.904154, 78.395103,
		124.156617, -25.855534, 78.633907,
		124.011801, -25.825370, 78.383074,
		124.156617, -25.855534, 78.633907,
		124.149671, -25.776748, 78.621878,
		124.011801, -25.825370, 78.383074,
		123.554854, -24.809557, 77.591628,
		123.574556, -24.816503, 77.625744,
		123.567882, -24.661836, 77.614184,
		123.574556, -24.816503, 77.625744,
		123.587575, -24.668782, 77.648299,
		123.567882, -24.661836, 77.614184,
		122.983250, -27.123618, 76.601572,
		123.013888, -27.175042, 76.654648,
		123.073239, -26.909126, 76.757440,
		123.013888, -27.175042, 76.654648,
		123.103877, -26.960550, 76.810516,
		123.073239, -26.909126, 76.757440,
		123.146022, -27.171273, 76.883501,
		123.128695, -27.151273, 76.853502,
		123.108523, -27.301179, 76.818551,
		123.128695, -27.151273, 76.853502,
		123.091195, -27.281178, 76.788552,
		123.108523, -27.301179, 76.818551,
		123.354235, -27.315453, 77.244142,
		123.334542, -27.308507, 77.210032,
		123.341216, -27.463174, 77.221587,
		123.334542, -27.308507, 77.210032,
		123.321513, -27.456228, 77.187471,
		123.341216, -27.463174, 77.221587,
		123.780394, -27.151273, 77.982273,
		123.763076, -27.171273, 77.952269,
		123.817893, -27.281178, 78.047223,
		123.763076, -27.171273, 77.952269,
		123.800575, -27.301179, 78.017224,
		123.817893, -27.281178, 78.047223,
		123.946930, -26.862721, 78.270727,
		123.934080, -26.893361, 78.248457,
		124.004386, -26.959137, 78.370238,
		123.934080, -26.893361, 78.248457,
		123.991535, -26.989780, 78.347973,
		124.004386, -26.959137, 78.370238,
		124.124562, -26.528951, 78.578385,
		124.054087, -26.477649, 78.456318,
		124.117719, -26.566540, 78.566539,
		124.054087, -26.477649, 78.456318,
		124.047245, -26.515235, 78.444467,
		124.117719, -26.566540, 78.566539,
		124.088921, -26.042505, 78.516655,
		124.088921, -26.082505, 78.516655,
		124.163919, -26.042505, 78.646560,
		124.163919, -26.082505, 78.646560,
		124.047245, -25.609773, 78.444467,
		124.054087, -25.647361, 78.456318,
		124.117719, -25.558470, 78.566539,
		124.054087, -25.647361, 78.456318,
		124.124562, -25.596056, 78.578385,
		124.117719, -25.558470, 78.566539,
		123.934080, -25.231647, 78.248457,
		123.946930, -25.262289, 78.270727,
		123.991535, -25.135228, 78.347973,
		123.946930, -25.262289, 78.270727,
		124.004386, -25.165870, 78.370238,
		123.991535, -25.135228, 78.347973,
		123.763076, -24.953734, 77.952269,
		123.780394, -24.973735, 77.982273,
		123.800575, -24.823831, 78.017224,
		123.780394, -24.973735, 77.982273,
		123.817893, -24.843832, 78.047223,
		123.800575, -24.823831, 78.017224,
		123.567882, -27.463174, 77.614184,
		123.587575, -27.456228, 77.648299,
		123.554854, -27.315453, 77.591628,
		123.587575, -27.456228, 77.648299,
		123.574556, -27.308507, 77.625744,
		123.554854, -27.315453, 77.591628,
		123.341216, -24.661836, 77.221587,
		123.321513, -24.668782, 77.187471,
		123.354235, -24.809557, 77.244142,
		123.321513, -24.668782, 77.187471,
		123.334542, -24.816503, 77.210032,
		123.354235, -24.809557, 77.244142,
		123.230717, -27.409375, 77.030209,
		123.278608, -27.146260, 77.113144,
		123.193133, -27.382013, 76.965104,
		123.278608, -27.146260, 77.113144,
		123.241014, -27.118899, 77.048038,
		123.193133, -27.382013, 76.965104,
		123.434546, -27.481255, 77.383247,
		123.474542, -27.481255, 77.452529,
		123.434546, -27.201254, 77.383247,
		123.474542, -27.201254, 77.452529,
		123.715965, -27.382013, 77.870667,
		123.668075, -27.118899, 77.787732,
		123.678372, -27.409375, 77.805567,
		123.668075, -27.118899, 77.787732,
		123.630491, -27.146260, 77.722632,
		123.678372, -27.409375, 77.805567,
		123.805212, -26.960550, 78.025259,
		123.895201, -27.175042, 78.181127,
		123.835859, -26.909126, 78.078330,
		123.895201, -27.175042, 78.181127,
		123.925848, -27.123618, 78.234199,
		123.835859, -26.909126, 78.078330,
		123.937638, -26.666521, 78.254629,
		124.058884, -26.806521, 78.464630,
		123.957640, -26.597238, 78.289270,
		124.058884, -26.806521, 78.464630,
		124.078887, -26.737239, 78.499271,
		123.957640, -26.597238, 78.289270,
		124.011801, -26.299638, 78.383074,
		124.149671, -26.348260, 78.621878,
		124.018747, -26.220854, 78.395103,
		124.149671, -26.348260, 78.621878,
		124.156617, -26.269476, 78.633907,
		124.018747, -26.220854, 78.395103,
		124.058884, -25.318489, 78.464630,
		123.937638, -25.458489, 78.254629,
		124.078887, -25.387771, 78.499271,
		123.937638, -25.458489, 78.254629,
		123.957640, -25.527769, 78.289270,
		124.078887, -25.387771, 78.499271,
		123.895201, -24.949968, 78.181127,
		123.805212, -25.164460, 78.025259,
		123.925848, -25.001390, 78.234199,
		123.805212, -25.164460, 78.025259,
		123.835859, -25.215882, 78.078330,
		123.925848, -25.001390, 78.234199,
		123.668075, -25.006111, 77.787732,
		123.715965, -24.742997, 77.870667,
		123.630491, -24.978750, 77.722632,
		123.715965, -24.742997, 77.870667,
		123.678372, -24.715635, 77.805567,
		123.630491, -24.978750, 77.722632,
		123.193133, -24.742997, 76.965104,
		123.241014, -25.006111, 77.048038,
		123.230717, -24.715635, 77.030209,
		123.241014, -25.006111, 77.048038,
		123.278608, -24.978750, 77.113144,
		123.230717, -24.715635, 77.030209
	],
	"morphTargets":[],