{
	"metadata":{
		"formatVersion": 3,
		"fileName"     : "272.json",
		"generatedBy"  : "RaidaJSONExporter",
		"vertices"     : 36,
		"faces"        : 12,
		"normals"      : 36,
		"colors"       : 36
	},
	"materials":[],
	"vertices":[
		120.565115, -18.706876, 72.490735,
		120.530474, -18.706876, 72.510735,
		120.571686, -18.733844, 72.502117,
		120.530474, -18.706876, 72.510735,
		120.537045, -18.733844, 72.522117,
		120.571686, -18.733844, 72.502117,
		120.597893, -18.641160, 72.627509,
		120.632534, -18.641160, 72.607509,
		120.604465, -18.668128, 72.638891,
		120.632534, -18.641160, 72.607509,
		120.639106, -18.668128, 72.618891,
		120.604465, -18.668128, 72.638891,
		120.557782, -18.613511, 72.558035,
		120.592423, -18.613511, 72.538035,
		120.570925, -18.667446, 72.580799,
		120.592423, -18.613511, 72.538035,
		120.605566, -18.667446, 72.560799,
		120.570925, -18.667446, 72.580799,
		120.590640, -18.748350, 72.614946,
		120.625281, -18.748350, 72.594946,
		120.577156, -18.761493, 72.591592,
		120.625281, -18.748350, 72.594946,
		120.611797, -18.761493, 72.571592,
		120.577156, -18.761493, 72.591592,
		120.544298, -18.626654, 72.534680,
		120.578939, -18.626654, 72.514680,
		120.557782, -18.613511, 72.558035,
		120.578939, -18.626654, 72.514680,
		120.592423, -18.613511, 72.538035,
		120.557782, -18.613511, 72.558035,
		120.557441, -18.680590, 72.557445,
		120.592082, -18.680590, 72.537445,
		120.544298, -18.626654, 72.534680,
		120.592082, -18.680590, 72.537445,
		120.578939, -18.626654, 72.514680,
		120.544298, -18.626654, 72.534680
	],
	"morphTargets":[],
	"normals":[
		0.449462, 0.438105, 0.778491,
		0.449462, 0.438105, 0.778491,
		0.449462, 0.438105, 0.778491,
		0.449462, 0.438105, 0.778491,
		0.449462, 0.438105, 0.778491,
		0.449462, 0.438105, 0.778491,
		-0.449462, -0.438105, -0.778491,
		-0.449462, -0.438105, -0.778491,
		-0.449462, -0.438105, -0.778491,
		-0.449462, -0.438105, -0.778491,
		-0.449462, -0.438105, -0.778491,
		-0.449462, -0.438105, -0.778491,
		-0.449462, -0.438105, -0.778491,
		-0.449462, -0.438105, -0.778491,
		-0.449462, -0.438105, -0.778491,
		-0.449462, -0.438105, -0.778491,
		-0.449462, -0.438105, -0.778491,
		-0.449462, -0.438105, -0.778491,
		-0.219052, 0.898924, -0.379410,
		-0.219052, 0.898924, -0.379410,
		-0.219052, 0.898924, -0.379410,
		-0.219052, 0.898924, -0.379410,
		-0.219052, 0.898924, -0.379410,
		-0.219052, 0.898924, -0.379410,
		0.219052, -0.898924, 0.379410,
		0.219052, -0.898924, 0.379410,
		0.219052, -0.898924, 0.379410,
		0.219052, -0.898924, 0.379410,
		0.219052, -0.898924, 0.379410,
		0.219052, -0.898924, 0.379410,
		0.449462, 0.438105, 0.778491,
		0.449462, 0.438105, 0.778491,
		0.449462, 0.438105, 0.778491,
		0.449462, 0.438105, 0.778491,
		0.449462, 0.438105, 0.778491,
		0.449462, 0.438105, 0.778491
	],
	"colors":[
		16775649,
		16775649,
		16775649,
		16775649,
		16775649,
		16775649,
		16775649,
		16775649,
		16775649,
		16775649,
		16775649,
		16775649,
		16775649,
		16775649,
		16775649,
		16775649,
		16775649,
		16775649,
		16775649,
		16775649,
		16775649,
		16775649,
		16775649,
		16775649,
		16775649,
		16775649,
		16775649,
		16775649,
		16775649,
		16775649,
		16775649,
		16775649,
		16775649,
		16775649,
		16775649,
		16775649
	],
	"uvs":[[]],
	"faces":[
		160, 0, 1, 2, 0, 1, 2, 0, 1, 2,
		160, 3, 4, 5, 3, 4, 5, 3, 4, 5,
		160, 6, 7, 8, 6, 7, 8, 6, 7, 8,
		160, 9, 10, 11, 9, 10, 11, 9, 10, 11,
		160, 12, 13, 14, 12, 13, 14, 12, 13, 14,
		160, 15, 16, 17, 15, 16, 17, 15, 16, 17,
		160, 18, 19, 20, 18, 19, 20, 18, 19, 20,
		160, 21, 22, 23, 21, 22, 23, 21, 22, 23,
		160, 24, 25, 26, 24, 25, 26, 24, 25, 26,
		160, 27, 28, 29, 27, 28, 29, 27, 28, 29,
		160, 30, 31, 32, 30, 31, 32, 30, 31, 32,
		160, 33, 34, 35, 33, 34, 35, 33, 34, 35
	]
}
