{
	"metadata":{
		"formatVersion": 3,
		"fileName"     : "278.json",
		"generatedBy"  : "RaidaJSONExporter",
		"vertices"     : 34,
		"faces"        : 12,
		"normals"      : 34,
		"colors"       : 34
	},
	"materials":[],
	"vertices":[
		143.608006, -8.557029, 68.229565,
		142.574997, -11.406022, 68.229565,
		143.843027, -8.642246, 68.229565,
		142.574997, -11.406022, 68.229565,
		142.810027, -11.491239, 68.229565,
		143.843027, -8.642246, 68.229565,
		143.843027, -8.642246, 68.229565,
		143.843027, -8.642246, 22.518233,
		143.608006, -8.557029, 68.229565,
		143.608006, -8.557029, 22.518233,
		142.574997, -11.406022, 68.229565,
		142.574997, -11.406022, 22.427856,
		142.810027, -11.491239, 68.229565,
		142.574997, -11.406022, 22.427856,
		142.810027, -11.491239, 22.427856,
		142.810027, -11.491239, 68.229565,
		142.574997, -11.406022, 22.427856,
		142.574997, -11.406022, 68.229565,
		143.608006, -8.557029, 22.518233,
		142.574997, -11.406022, 68.229565,
		143.608006, -8.557029, 68.229565,
		143.608006, -8.557029, 22.518233,
		143.843027, -8.642246, 68.229565,
		142.810027, -11.491239, 68.229565,
		143.843027, -8.642246, 22.518233,
		142.810027, -11.491239, 68.229565,
		142.810027, -11.491239, 22.427856,
		143.843027, -8.642246, 22.518233,
		142.810027, -11.491239, 22.427856,
		142.574997, -11.406022, 22.427856,
		143.843027, -8.642246, 22.518233,
		142.574997, -11.406022, 22.427856,
		143.608006, -8.557029, 22.518233,
		143.843027, -8.642246, 22.518233
	],
	"morphTargets":[],
	"normals":[
		0.000000, 0.000000, 1.000000,
		0.000000, 0.000000, 1.000000,
		0.000000, 0.000000, 1.000000,
		-0.000000, 0.000000, 1.000000,
		-0.000000, 0.000000, 1.000000,
		-0.000000, 0.000000, 1.000000,
		0.340879, 0.940107, 0.000000,
		0.340879, 0.940107, 0.000000,
		0.340879, 0.940107, 0.000000,
		0.340879, 0.940107, 0.000000,
		-0.340866, -0.940112, -0.000000,
		-0.340866, -0.940112, -0.000000,
		-0.340866, -0.940112, -0.000000,
		-0.340866, -0.940112, 0.000000,
		-0.340866, -0.940112, 0.000000,
		-0.340866, -0.940112, 0.000000,
		-0.940110, 0.340872, 0.000000,
		-0.940110, 0.340872, 0.000000,
		-0.940110, 0.340872, 0.000000,
		-0.940110, 0.340872, 0.000000,
		-0.940110, 0.340872, 0.000000,
		-0.940110, 0.340872, 0.000000,
		0.940111, -0.340869, 0.000000,
		0.940111, -0.340869, 0.000000,
		0.940111, -0.340869, 0.000000,
		0.940111, -0.340869, 0.000000,
		0.940111, -0.340869, 0.000000,
		0.940111, -0.340869, 0.000000,
		0.010161, 0.028024, -0.999556,
		0.010161, 0.028024, -0.999556,
		0.010161, 0.028024, -0.999556,
		0.010161, 0.028024, -0.999556,
		0.010161, 0.028024, -0.999556,
		0.010161, 0.028024, -0.999556
	],
	"colors":[
		8994623,
		8994623,
		8994623,
		8994623,
		8994623,
		8994623,
		8994623,
		8994623,
		8994623,
		8994623,
		8994623,
		8994623,
		8994623,
		8994623,
		8994623,
		8994623,
		8994623,
		8994623,
		8994623,
		8994623,
		8994623,
		8994623,
		8994623,
		8994623,
		8994623,
		8994623,
		8994623,
		8994623,
		8994623,
		8994623,
		8994623,
		8994623,
		8994623,
		8994623
	],
	"uvs":[[]],
	"faces":[
		160, 0, 1, 2, 0, 1, 2, 0, 1, 2,
		160, 3, 4, 5, 3, 4, 5, 3, 4, 5,
		160, 6, 7, 8, 6, 7, 8, 6, 7, 8,
		160, 7, 9, 8, 7, 9, 8, 7, 9, 8,
		160, 10, 11, 12, 10, 11, 12, 10, 11, 12,
		160, 13, 14, 15, 13, 14, 15, 13, 14, 15,
		160, 16, 17, 18, 16, 17, 18, 16, 17, 18,
		160, 19, 20, 21, 19, 20, 21, 19, 20, 21,
		160, 22, 23, 24, 22, 23, 24, 22, 23, 24,
		160, 25, 26, 27, 25, 26, 27, 25, 26, 27,
		160, 28, 29, 30, 28, 29, 30, 28, 29, 30,
		160, 31, 32, 33, 31, 32, 33, 31, 32, 33
	]
}
