{
	"metadata":{
		"formatVersion": 3,
		"fileName"     : "283.json",
		"generatedBy"  : "RaidaJSONExporter",
		"vertices"     : 135,
		"faces"        : 63,
		"normals"      : 135,
		"colors"       : 135
	},
	"materials":[],
	"vertices":[
		126.966248, 46.368202, 27.522261,
		126.841248, 47.861389, 33.086235,
		126.966248, 47.843244, 33.086235,
		126.716247, 46.284111, 27.064690,
		126.716247, 46.127732, 26.474451,
		126.877067, 46.246309, 27.080614,
		126.841248, -47.861400, 33.086235,
		126.716247, -47.879499, 33.086235,
		126.716247, -47.098306, 30.203844,
		126.966248, -46.363299, 27.514388,
		126.966248, -46.251446, 27.083761,
		126.877067, -46.246321, 27.080614,
		126.716247, -46.134085, 26.488090,
		126.716247, -44.720423, 21.040397,
		126.841257, -44.701114, 21.040397,
		126.966248, -44.681760, 21.040397,
		126.966248, 44.681748, 21.040397,
		126.841257, -44.701114, 21.040397,
		126.841257, -44.701114, 21.040397,
		126.966248, 44.681748, 21.040397,
		126.966248, 44.681748, 21.040397,
		126.841257, 44.701103, 21.040397,
		126.841257, -44.701114, 21.040397,
		126.841257, 44.701103, 21.040397,
		126.716247, 44.720412, 21.040397,
		126.716247, -44.720423, 21.040397,
		126.716247, 44.720412, 21.040397,
		126.716247, 45.454928, 23.935031,
		126.716247, -44.720423, 21.040397,
		126.716247, -44.720423, 21.040397,
		126.716247, 45.454928, 23.935031,
		126.716247, -46.134085, 26.488090,
		126.716247, 45.454928, 23.935031,
		126.716247, -46.134085, 26.488090,
		126.716247, -46.134085, 26.488090,
		126.716247, 45.454928, 23.935031,
		126.716247, -46.283763, 27.064904,
		126.716247, -46.283763, 27.064904,
		126.716247, -47.098306, 30.203844,
		126.716247, 46.127732, 26.474451,
		126.716247, -47.098306, 30.203844,
		126.716247, -47.098306, 30.203844,
		126.716247, 46.127732, 26.474451,
		126.716247, 46.284111, 27.064690,
		126.716247, 46.284111, 27.064690,
		126.716247, 47.879488, 33.086235,
		126.716247, -47.879499, 33.086235,
		126.716247, 47.879488, 33.086235,
		126.716247, 46.284111, 27.064690,
		126.841248, 47.861389, 33.086235,
		126.841248, 47.861389, 33.086235,
		126.716247, 46.284111, 27.064690,
		126.966248, 46.368202, 27.522261,
		126.716247, 46.284111, 27.064690,
		126.877067, 46.246309, 27.080614,
		126.966248, 46.368202, 27.522261,
		126.966248, 46.368202, 27.522261,
		126.877067, 46.246309, 27.080614,
		126.966248, 46.251891, 27.083528,
		126.877067, 46.246309, 27.080614,
		126.716247, 46.127732, 26.474451,
		126.966248, 46.251891, 27.083528,
		126.966248, 46.251891, 27.083528,
		126.716247, 46.127732, 26.474451,
		126.966248, 45.410254, 23.908805,
		126.716247, 46.127732, 26.474451,
		126.716247, 45.454928, 23.935031,
		126.966248, 45.410254, 23.908805,
		126.966248, 45.410254, 23.908805,
		126.716247, 45.454928, 23.935031,
		126.716247, 44.720412, 21.040397,
		126.966248, 45.410254, 23.908805,
		126.966248, 45.410254, 23.908805,
		126.716247, 44.720412, 21.040397,
		126.716247, 44.720412, 21.040397,
		126.841257, 44.701103, 21.040397,
		126.966248, 45.410254, 23.908805,
		126.966248, 45.410254, 23.908805,
		126.841257, 44.701103, 21.040397,
		126.966248, 44.681748, 21.040397,
		126.966248, 44.681748, 21.040397,
		126.966248, -44.681760, 21.040397,
		126.966248, 45.410254, 23.908805,
		126.966248, 45.410254, 23.908805,
		126.966248, -44.681760, 21.040397,
		126.966248, -46.251446, 27.083761,
		126.966248, 45.410254, 23.908805,
		126.966248, -46.251446, 27.083761,
		126.966248, -46.363299, 27.514388,
		126.966248, -46.363299, 27.514388,
		126.966248, -47.068626, 30.229931,
		126.966248, 46.251891, 27.083528,
		126.966248, -47.068626, 30.229931,
		126.966248, 46.251891, 27.083528,
		126.966248, 46.368202, 27.522261,
		126.966248, 46.368202, 27.522261,
		126.966248, 47.843244, 33.086235,
		126.966248, -47.843255, 33.086235,
		126.966248, -47.843255, 33.086235,
		126.841248, -47.861400, 33.086235,
		126.966248, -47.068626, 30.229931,
		126.841248, -47.861400, 33.086235,
		126.716247, -47.098306, 30.203844,
		126.966248, -47.068626, 30.229931,
		126.966248, -47.068626, 30.229931,
		126.716247, -47.098306, 30.203844,
		126.966248, -46.363299, 27.514388,
		126.716247, -47.098306, 30.203844,
		126.716247, -46.283763, 27.064904,
		126.966248, -46.363299, 27.514388,
		126.966248, -46.363299, 27.514388,
		126.716247, -46.283763, 27.064904,
		126.877067, -46.246321, 27.080614,
		126.716247, -46.283763, 27.064904,
		126.716247, -46.134085, 26.488090,
		126.877067, -46.246321, 27.080614,
		126.877067, -46.246321, 27.080614,
		126.716247, -46.134085, 26.488090,
		126.966248, -46.251446, 27.083761,
		126.716247, -46.134085, 26.488090,
		126.841257, -44.701114, 21.040397,
		126.966248, -46.251446, 27.083761,
		126.966248, -46.251446, 27.083761,
		126.841257, -44.701114, 21.040397,
		126.966248, -44.681760, 21.040397,
		126.716247, -47.879499, 33.086235,
		126.716247, 47.879488, 33.086235,
		126.841248, -47.861400, 33.086235,
		126.841248, -47.861400, 33.086235,
		126.716247, 47.879488, 33.086235,
		126.841248, 47.861389, 33.086235,
		126.841248, -47.861400, 33.086235,
		126.841248, 47.861389, 33.086235,
		126.966248, 47.843244, 33.086235,
		126.966248, -47.843255, 33.086235
	],
	"morphTargets":[],