{
	"metadata":{
		"formatVersion": 3,
		"fileName"     : "285.json",
		"generatedBy"  : "RaidaJSONExporter",
		"vertices"     : 83,
		"faces"        : 33,
		"normals"      : 83,
		"colors"       : 83
	},
	"materials":[],
	"vertices":[
		117.652072, -20.379615, 71.010551,
		117.893553, -20.379615, 70.945846,
		117.652072, -13.379616, 71.010551,
		117.893553, -13.379616, 70.945846,
		117.652072, -20.379615, 71.010551,
		117.652072, -13.379616, 71.010551,
		116.990092, -20.379615, 68.540010,
		116.990092, -13.379616, 68.540010,
		117.893553, -20.379615, 70.945846,
		117.231574, -20.379615, 68.475305,
		117.893553, -13.379616, 70.945846,
		117.231574, -13.379616, 68.475305,
		117.893553, -20.379615, 70.945846,
		117.652072, -20.379615, 71.010551,
		117.231574, -20.379615, 68.475305,
		117.652072, -20.379615, 71.010551,
		116.990092, -20.379615, 68.540010,
		117.231574, -20.379615, 68.475305,
		117.231574, -20.379615, 68.475305,
		116.990092, -20.379615, 68.540010,
		116.990092, -20.379615, 68.540010,
		116.944339, -20.306392, 68.369257,
		117.231574, -20.379615, 68.475305,
		117.231574, -20.379615, 68.475305,
		116.944339, -20.306392, 68.369257,
		117.185821, -20.306392, 68.304552,
		116.944339, -20.306392, 68.369257,
		116.925388, -20.129615, 68.298528,
		117.185821, -20.306392, 68.304552,
		117.166869, -20.129615, 68.233824,
		116.925388, -20.129615, 68.298528,
		117.166869, -20.129615, 68.233824,
		117.166869, -20.129615, 68.233824,
		116.925388, -20.129615, 68.298528,
		117.166869, -13.629616, 68.233824,
		116.925388, -13.629616, 68.298528,
		117.166869, -13.629616, 68.233824,
		116.925388, -13.629616, 68.298528,
		116.925388, -13.629616, 68.298528,
		116.944339, -13.452839, 68.369257,
		117.166869, -13.629616, 68.233824,
		117.166869, -13.629616, 68.233824,
		116.944339, -13.452839, 68.369257,
		117.185821, -13.452839, 68.304552,
		116.944339, -13.452839, 68.369257,
		116.990092, -13.379616, 68.540010,
		117.185821, -13.452839, 68.304552,
		117.185821, -13.452839, 68.304552,
		116.990092, -13.379616, 68.540010,
		117.231574, -13.379616, 68.475305,
		116.990092, -13.379616, 68.540010,
		117.231574, -13.379616, 68.475305,
		117.231574, -13.379616, 68.475305,
		116.990092, -13.379616, 68.540010,
		117.893553, -13.379616, 70.945846,
		116.990092, -13.379616, 68.540010,
		117.652072, -13.379616, 71.010551,
		117.893553, -13.379616, 70.945846,
		117.185821, -20.306392, 68.304552,
		117.166869, -20.129615, 68.233824,
		117.231574, -20.379615, 68.475305,
		117.166869, -20.129615, 68.233824,
		117.166869, -13.629616, 68.233824,
		117.231574, -20.379615, 68.475305,
		117.231574, -20.379615, 68.475305,
		117.166869, -13.629616, 68.233824,
		117.231574, -13.379616, 68.475305,
		117.166869, -13.629616, 68.233824,
		117.185821, -13.452839, 68.304552,
		117.231574, -13.379616, 68.475305,
		116.944339, -20.306392, 68.369257,
		116.990092, -20.379615, 68.540010,
		116.925388, -20.129615, 68.298528,
		116.990092, -20.379615, 68.540010,
		116.925388, -20.129615, 68.298528,
		116.990092, -20.379615, 68.540010,
		116.925388, -13.629616, 68.298528,
		116.990092, -20.379615, 68.540010,
		116.990092, -13.379616, 68.540010,
		116.925388, -13.629616, 68.298528,
		116.925388, -13.629616, 68.298528,
		116.990092, -13.379616, 68.540010,
		116.944339, -13.452839, 68.369257
	],
	"morphTargets":[],
	"normals":[
		0.258819, -0.000000, 0.965926,
		0.258819, -0.000000, 0.965926,
		0.258819, -0.000000, 0.965926,
		0.258819, -0.000000, 0.965926,
		-0.965926, 0.000000, 0.258819,
		-0.965926, 0.000000, 0.258819,
		-0.965926, 0.000000, 0.258819,
		-0.965926, 0.000000, 0.258819,
		0.965926, 0.000000, -0.258819,
		0.965926, 0.000000, -0.258819,
		0.965926, 0.000000, -0.258819,
		0.965926, 0.000000, -0.258819,
		-0.000000, -1.000000, 0.000000,
		-0.000000, -1.000000, 0.000000,
		-0.000000, -1.000000, 0.000000,
		0.000000, -1.000000, 0.000000,
		0.000000, -1.000000, 0.000000,
		0.000000, -1.000000, 0.000000,
		0.000000, 0.000000, -0.000000,
		0.000000, 0.000000, -0.000000,
		-0.099046, -0.923879, -0.369644,
		-0.099046, -0.923879, -0.369644,
		-0.099046, -0.923879, -0.369644,
		-0.099046, -0.923879, -0.369644,
		-0.099046, -0.923879, -0.369644,
		-0.099046, -0.923879, -0.369644,
		-0.239118, -0.382683, -0.892399,
		-0.239118, -0.382683, -0.892399,
		-0.239118, -0.382683, -0.892399,
		-0.239118, -0.382683, -0.892399,
		-0.000000, 0.000000, 0.000000,
		-0.000000, 0.000000, 0.000000,
		-0.258819, 0.000000, -0.965926,
		-0.258819, 0.000000, -0.965926,
		-0.258819, 0.000000, -0.965926,
		-0.258819, 0.000000, -0.965926,
		0.000000, 0.000000, -0.000000,
		0.000000, 0.000000, -0.000000,
		-0.239118, 0.382684, -0.892399,
		-0.239118, 0.382684, -0.892399,
		-0.239118, 0.382684, -0.892399,
		-0.239118, 0.382684, -0.892399,
		-0.239118, 0.382684, -0.892399,
		-0.239118, 0.382684, -0.892399,
		-0.099046, 0.923879, -0.369644,
		-0.099046, 0.923879, -0.369644,
		-0.099046, 0.923879, -0.369644,
		-0.099046, 0.923879, -0.369644,
		-0.099046, 0.923879, -0.369644,
		-0.099046, 0.923879, -0.369644,
		-0.000000, 0.000000, 0.000000,
		-0.000000, 0.000000, 0.000000,
		0.000000, 1.000000, -0.000000,
		0.000000, 1.000000, -0.000000,
		0.000000, 1.000000, -0.000000,
		0.000000, 1.000000, 0.000000,
		0.000000, 1.000000, 0.000000,
		0.000000, 1.000000, 0.000000,
		0.965926, -0.000000, -0.258819,
		0.965926, -0.000000, -0.258819,
		0.965926, -0.000000, -0.258819,
		0.965926, 0.000000, -0.258819,
		0.965926, 0.000000, -0.258819,
		0.965926, 0.000000, -0.258819,
		0.965926, 0.000000, -0.258819,
		0.965926, 0.000000, -0.258819,
		0.965926, 0.000000, -0.258819,
		0.965926, 0.000000, -0.258819,
		0.965926, 0.000000, -0.258819,
		0.965926, 0.000000, -0.258819,
		-0.965926, 0.000000, 0.258819,
		-0.965926, 0.000000, 0.258819,
		-0.965926, 0.000000, 0.258819,
		-0.000000, 0.000000, 0.000000,
		-0.965926, 0.000000, 0.258819,
		-0.965926, 0.000000, 0.258819,
		-0.965926, 0.000000, 0.258819,
		-0.965926, 0.000000, 0.258819,
		-0.965926, 0.000000, 0.258819,
		-0.965926, 0.000000, 0.258819,
		-0.965926, -0.000000, 0.258819,
		-0.965926, -0.000000, 0.258819,
		-0.965926, -0.000000, 0.258819
	],
	"colors":[
		255,
		255,
		255,
		255,
		255,
		255,
		255,
		255,
		255,
		255,
		255,
		255,
		255,
		255,
		255,
		255,
		255,
		255,
		255,
		255,
		255,
		255,
		255,
		255,
		255,
		255,
		255,
		255,
		255,
		255,
		255,
		255,
		255,
		255,
		255,
		255,
		255,
		255,
		255,
		255,
		255,
		255,
		255,
		255,
		255,
		255,
		255,
		255,
		255,
		255,
		255,
		255,
		255,
		255,
		255,
		255,
		255,
		255,
		255,
		255,
		255,
		255,
		255,
		255,
		255,
		255,
		255,
		255,
		255,
		255,
		255,
		255,
		255,
		255,
		255,
		255,
		255,
		255,
		255,
		255,
		255,
		255,
		255
	],
	"uvs":[[]],