{
	"metadata":{
		"formatVersion": 3,
		"fileName"     : "289.json",
		"generatedBy"  : "RaidaJSONExporter",
		"vertices"     : 30,
		"faces"        : 12,
		"normals"      : 30,
		"colors"       : 30
	},
	"materials":[],
	"vertices":[
		155.434525, -11.406022, 68.229562,
		154.401525, -8.557029, 68.229562,
		155.199495, -11.491239, 68.229562,
		154.166495, -8.642246, 68.229562,
		155.199495, -11.491239, 68.229562,
		155.199495, -11.491239, 23.552920,
		155.434525, -11.406022, 68.229562,
		155.434525, -11.406022, 23.552920,
		154.401525, -8.557029, 68.229562,
		154.401525, -8.557029, 23.462544,
		154.166495, -8.642246, 68.229562,
		154.166495, -8.642246, 23.462544,
		154.401525, -8.557029, 23.462544,
		154.401525, -8.557029, 68.229562,
		155.434525, -11.406022, 23.552920,
		154.401525, -8.557029, 68.229562,
		155.434525, -11.406022, 68.229562,
		155.434525, -11.406022, 23.552920,
		155.199495, -11.491239, 68.229562,
		154.166495, -8.642246, 68.229562,
		155.199495, -11.491239, 23.552920,
		154.166495, -8.642246, 68.229562,
		154.166495, -8.642246, 23.462544,
		155.199495, -11.491239, 23.552920,
		155.434525, -11.406022, 23.552920,
		155.199495, -11.491239, 23.552920,
		154.401525, -8.557029, 23.462544,
		155.199495, -11.491239, 23.552920,
		154.166495, -8.642246, 23.462544,
		154.401525, -8.557029, 23.462544
	],
	"morphTargets":[],
	"normals":[
		0.000000, 0.000000, 1.000000,
		0.000000, 0.000000, 1.000000,
		0.000000, 0.000000, 1.000000,
		0.000000, 0.000000, 1.000000,
		0.340866, -0.940112, 0.000000,
		0.340866, -0.940112, 0.000000,
		0.340866, -0.940112, 0.000000,
		0.340866, -0.940112, 0.000000,
		-0.340867, 0.940111, 0.000000,
		-0.340867, 0.940111, 0.000000,
		-0.340867, 0.940111, 0.000000,
		-0.340867, 0.940111, 0.000000,
		0.940111, 0.340869, -0.000000,
		0.940111, 0.340869, -0.000000,
		0.940111, 0.340869, -0.000000,
		0.940111, 0.340869, 0.000000,
		0.940111, 0.340869, 0.000000,
		0.940111, 0.340869, 0.000000,
		-0.940111, -0.340869, -0.000000,
		-0.940111, -0.340869, -0.000000,
		-0.940111, -0.340869, -0.000000,
		-0.940111, -0.340869, -0.000000,
		-0.940111, -0.340869, -0.000000,
		-0.940111, -0.340869, -0.000000,
		0.010161, -0.028024, -0.999556,
		0.010161, -0.028024, -0.999556,
		0.010161, -0.028024, -0.999556,
		0.010161, -0.028024, -0.999556,
		0.010161, -0.028024, -0.999556,
		0.010161, -0.028024, -0.999556
	],
	"colors":[
		8994623,
		8994623,
		8994623,
		8994623,
		8994623,
		8994623,
		8994623,
		8994623,
		8994623,
		8994623,
		8994623,
		8994623,
		8994623,
		8994623,
		8994623,
		8994623,
		8994623,
		8994623,
		8994623,
		8994623,
		8994623,
		8994623,
		8994623,
		8994623,
		8994623,
		8994623,
		8994623,
		8994623,
		8994623,
		8994623
	],
	"uvs":[[]],
	"faces":[
		160, 0, 1, 2, 0, 1, 2, 0, 1, 2,
		160, 1, 3, 2, 1, 3, 2, 1, 3, 2,
		160, 4, 5, 6, 4, 5, 6, 4, 5, 6,
		160, 5, 7, 6, 5, 7, 6, 5, 7, 6,
		160, 8, 9, 10, 8, 9, 10, 8, 9, 10,
		160, 9, 11, 10, 9, 11, 10, 9, 11, 10,
		160, 12, 13, 14, 12, 13, 14, 12, 13, 14,
		160, 15, 16, 17, 15, 16, 17, 15, 16, 17,
		160, 18, 19, 20, 18, 19, 20, 18, 19, 20,
		160, 21, 22, 23, 21, 22, 23, 21, 22, 23,
		160, 24, 25, 26, 24, 25, 26, 24, 25, 26,
		160, 27, 28, 29, 27, 28, 29, 27, 28, 29
	]
}
