{
	"metadata":{
		"formatVersion": 3,
		"fileName"     : "291.json",
		"generatedBy"  : "RaidaJSONExporter",
		"vertices"     : 32,
		"faces"        : 12,
		"normals"      : 32,
		"colors"       : 32
	},
	"materials":[],
	"vertices":[
		153.897382, -8.651040, 68.226578,
		154.132403, -8.736257, 68.226578,
		153.897382, -8.651040, 23.459562,
		154.132403, -8.736257, 23.459562,
		152.806430, -11.659851, 23.364116,
		153.897382, -8.651040, 23.459562,
		153.041460, -11.745070, 23.364116,
		153.897382, -8.651040, 23.459562,
		154.132403, -8.736257, 23.459562,
		153.041460, -11.745070, 23.364116,
		154.132403, -8.736257, 68.226578,
		153.897382, -8.651040, 68.226578,
		153.041460, -11.745070, 68.131131,
		153.897382, -8.651040, 68.226578,
		152.806430, -11.659851, 68.131131,
		153.041460, -11.745070, 68.131131,
		154.132403, -8.736257, 68.226578,
		153.041460, -11.745070, 68.131131,
		154.132403, -8.736257, 23.459562,
		153.041460, -11.745070, 23.364116,
		153.897382, -8.651040, 68.226578,
		153.897382, -8.651040, 23.459562,
		152.806430, -11.659851, 68.131131,
		153.897382, -8.651040, 23.459562,
		152.806430, -11.659851, 23.364116,
		152.806430, -11.659851, 68.131131,
		152.806430, -11.659851, 68.131131,
		152.806430, -11.659851, 23.364116,
		153.041460, -11.745070, 68.131131,
		152.806430, -11.659851, 23.364116,
		153.041460, -11.745070, 23.364116,
		153.041460, -11.745070, 68.131131
	],
	"morphTargets":[],
	"normals":[
		0.340879, 0.940107, 0.000000,
		0.340879, 0.940107, 0.000000,
		0.340879, 0.940107, 0.000000,
		0.340879, 0.940107, 0.000000,
		0.010161, 0.028024, -0.999556,
		0.010161, 0.028024, -0.999556,
		0.010161, 0.028024, -0.999556,
		0.010161, 0.028024, -0.999556,
		0.010161, 0.028024, -0.999556,
		0.010161, 0.028024, -0.999556,
		-0.010161, -0.028024, 0.999556,
		-0.010161, -0.028024, 0.999556,
		-0.010161, -0.028024, 0.999556,
		-0.010161, -0.028024, 0.999556,
		-0.010161, -0.028024, 0.999556,
		-0.010161, -0.028024, 0.999556,
		0.940111, -0.340868, 0.000000,
		0.940111, -0.340868, 0.000000,
		0.940111, -0.340868, 0.000000,
		0.940111, -0.340868, 0.000000,
		-0.940110, 0.340871, 0.000000,
		-0.940110, 0.340871, 0.000000,
		-0.940110, 0.340871, 0.000000,
		-0.940110, 0.340871, 0.000000,
		-0.940110, 0.340871, 0.000000,
		-0.940110, 0.340871, 0.000000,
		-0.340869, -0.940111, -0.000000,
		-0.340869, -0.940111, -0.000000,
		-0.340869, -0.940111, -0.000000,
		-0.340869, -0.940111, 0.000000,
		-0.340869, -0.940111, 0.000000,
		-0.340869, -0.940111, 0.000000
	],
	"colors":[
		8994623,
		8994623,
		8994623,
		8994623,
		8994623,
		8994623,
		8994623,
		8994623,
		8994623,
		8994623,
		8994623,
		8994623,
		8994623,
		8994623,
		8994623,
		8994623,
		8994623,
		8994623,
		8994623,
		8994623,
		8994623,
		8994623,
		8994623,
		8994623,
		8994623,
		8994623,
		8994623,
		8994623,
		8994623,
		8994623,
		8994623,
		8994623
	],
	"uvs":[[]],
	"faces":[
		160, 0, 1, 2, 0, 1, 2, 0, 1, 2,
		160, 1, 3, 2, 1, 3, 2, 1, 3, 2,
		160, 4, 5, 6, 4, 5, 6, 4, 5, 6,
		160, 7, 8, 9, 7, 8, 9, 7, 8, 9,
		160, 10, 11, 12, 10, 11, 12, 10, 11, 12,
		160, 13, 14, 15, 13, 14, 15, 13, 14, 15,
		160, 16, 17, 18, 16, 17, 18, 16, 17, 18,
		160, 17, 19, 18, 17, 19, 18, 17, 19, 18,
		160, 20, 21, 22, 20, 21, 22, 20, 21, 22,
		160, 23, 24, 25, 23, 24, 25, 23, 24, 25,
		160, 26, 27, 28, 26, 27, 28, 26, 27, 28,
		160, 29, 30, 31, 29, 30, 31, 29, 30, 31
	]
}
