{
	"metadata":{
		"formatVersion": 3,
		"fileName"     : "31.json",
		"generatedBy"  : "RaidaJSONExporter",
		"vertices"     : 162,
		"faces"        : 54,
		"normals"      : 162,
		"colors"       : 162
	},
	"materials":[],
	"vertices":[
		121.110782, -14.889652, 76.213065,
		121.109279, -14.914488, 76.181742,
		121.153731, -14.978445, 76.281410,
		121.109279, -14.914488, 76.181742,
		121.152227, -15.003281, 76.250091,
		121.153731, -14.978445, 76.281410,
		121.117522, -14.844728, 76.284739,
		121.115542, -14.854388, 76.267338,
		121.145198, -14.911650, 76.318734,
		121.115542, -14.854388, 76.267338,
		121.143219, -14.921308, 76.301338,
		121.145198, -14.911650, 76.318734,
		121.163509, -14.779192, 76.524211,
		121.193511, -14.895102, 76.516175,
		121.173864, -14.779192, 76.562848,
		121.193511, -14.895102, 76.516175,
		121.203867, -14.895102, 76.554813,
		121.173864, -14.779192, 76.562848,
		121.413788, -15.194185, 77.028639,
		121.388414, -15.214312, 76.913095,
		121.425439, -15.232235, 77.032708,
		121.388414, -15.214312, 76.913095,
		121.400065, -15.252362, 76.917164,
		121.425439, -15.232235, 77.032708,
		121.198171, -14.788848, 76.643575,
		121.192210, -14.785493, 76.624783,
		121.214271, -14.864949, 76.624881,
		121.192210, -14.785493, 76.624783,
		121.208309, -14.861593, 76.606089,
		121.214271, -14.864949, 76.624881,
		121.322456, -15.630382, 76.236199,
		121.308100, -15.605547, 76.208322,
		121.325482, -15.719175, 76.155533,
		121.308100, -15.605547, 76.208322,
		121.311116, -15.694339, 76.127660,
		121.325482, -15.719175, 76.155533,
		121.348488, -15.754439, 76.204923,
		121.355471, -15.764100, 76.220980,
		121.341522, -15.687518, 76.248198,
		121.355471, -15.764100, 76.220980,
		121.348505, -15.697177, 76.264259,
		121.341522, -15.687518, 76.248198,
		121.394979, -15.743879, 76.389330,
		121.411078, -15.819978, 76.370635,
		121.400940, -15.747234, 76.408122,
		121.411078, -15.819978, 76.370635,
		121.417039, -15.823334, 76.389428,
		121.400940, -15.747234, 76.408122,
		121.491728, -15.764099, 76.729472,
		121.493707, -15.754439, 76.746873,
		121.464051, -15.697177, 76.695477,
		121.493707, -15.754439, 76.746873,
		121.466039, -15.687518, 76.712879,
		121.464051, -15.697177, 76.695477,
		121.500060, -15.649419, 76.879316,
		121.499563, -15.634620, 76.892757,
		121.471347, -15.599748, 76.823566,
		121.499563, -15.634620, 76.892757,
		121.470840, -15.584950, 76.837008,
		121.471347, -15.599748, 76.823566,
		121.484825, -15.493127, 76.984261,
		121.481902, -15.474973, 76.992131,
		121.458533, -15.466698, 76.913484,
		121.481902, -15.474973, 76.992131,
		121.455601, -15.448543, 76.921348,
		121.458533, -15.466698, 76.913484,
		121.447854, -15.314073, 77.031659,
		121.442860, -15.294754, 77.032999,
		121.427153, -15.314073, 76.954384,
		121.442860, -15.294754, 77.032999,
		121.422149, -15.294754, 76.955724,
		121.427153, -15.314073, 76.954384,
		121.393617, -15.133854, 77.015786,
		121.387139, -15.115700, 77.010440,
		121.380993, -15.160283, 76.941337,
		121.387139, -15.115700, 77.010440,
		121.374525, -15.142130, 76.935991,
		121.380993, -15.160283, 76.941337,
		121.318466, -15.009079, 76.864527,
		121.325631, -15.023877, 76.875919,
		121.321473, -14.959408, 76.927168,
		121.325631, -15.023877, 76.875919,
		121.328630, -14.974206, 76.938560,
		121.321473, -14.959408, 76.927168,
		121.260744, -14.911649, 76.749956,
		121.267727, -14.921309, 76.766013,
		121.253778, -14.844728, 76.793232,
		121.267727, -14.921309, 76.766013,
		121.260761, -14.854387, 76.809293,
		121.253778, -14.844728, 76.793232,
		121.441760, -15.743879, 76.563927,
		121.437526, -15.747234, 76.544670,
		121.465054, -15.819979, 76.572069,
		121.437526, -15.747234, 76.544670,
		121.460820, -15.823333, 76.552811,
		121.465054, -15.819979, 76.572069,
		121.167489, -14.864949, 76.450284,
		121.171723, -14.861593, 76.469541,
		121.144205, -14.788848, 76.442143,
		121.171723, -14.861593, 76.469541,
		121.148429, -14.785493, 76.461405,
		121.144205, -14.788848, 76.442143,
		121.377661, -15.791352, 76.275549,
		121.390807, -15.804568, 76.310936,
		121.360087, -15.682433, 76.322744,
		121.390807, -15.804568, 76.310936,
		121.373233, -15.695648, 76.358135,
		121.360087, -15.682433, 76.322744,
		121.445740, -15.829636, 76.490000,
		121.415738, -15.713724, 76.498040,
		121.435385, -15.829636, 76.451363,
		121.415738, -15.713724, 76.498040,
		121.405382, -15.713725, 76.459403,
		121.435385, -15.829636, 76.451363,
		121.477344, -15.804568, 76.633903,
		121.483651, -15.791354, 76.671127,
		121.438533, -15.695647, 76.601815,
		121.483651, -15.791354, 76.671127,
		121.444840, -15.682433, 76.639035,
		121.438533, -15.695647, 76.601815,
		121.499971, -15.694340, 76.832469,
		121.457032, -15.605546, 76.764120,
		121.498466, -15.719175, 76.801151,
		121.457032, -15.605546, 76.764120,
		121.455528, -15.630381, 76.732802,
		121.498466, -15.719175, 76.801151,
		121.454318, -15.525799, 76.836567,
		121.496214, -15.583755, 76.932930,
		121.450834, -15.492339, 76.858209,
		121.496214, -15.583755, 76.932930,
		121.492731, -15.550294, 76.954568,
		121.450834, -15.492339, 76.858209,
		121.427008, -15.356464, 76.909946,
		121.435058, -15.394515, 76.900594,
		121.462803, -15.376592, 77.022700,
		121.435058, -15.394515, 76.900594,
		121.470853, -15.414642, 77.013352,
		121.462803, -15.376592, 77.022700,
		121.365454, -15.058533, 76.988673,
		121.351615, -15.025071, 76.971678,
		121.353560, -15.116488, 76.884274,
		121.351615, -15.025071, 76.971678,
		121.339721, -15.083027, 76.867274,
		121.353560, -15.116488, 76.884274,
		121.298133, -14.914488, 76.886555,
		121.283777, -14.889652, 76.858678,
		121.301149, -15.003280, 76.805889,
		121.283777, -14.889652, 76.858678,
		121.286793, -14.978445, 76.778012,
		121.301149, -15.003280, 76.805889,
		121.218442, -14.804259, 76.703275,
		121.236016, -14.913180, 76.656076,
		121.231597, -14.817473, 76.738667,
		121.236016, -14.913180, 76.656076,
		121.249162, -14.926395, 76.691467,
		121.231597, -14.817473, 76.738667,
		121.125598, -14.817474, 76.343084,
		121.164409, -14.926394, 76.375176,
		121.131905, -14.804259, 76.380308,
		121.164409, -14.926394, 76.375176,
		121.170716, -14.913179, 76.412400,
		121.131905, -14.804259, 76.380308
	],
	"morphTargets":[],