{
	"metadata":{
		"formatVersion": 3,
		"fileName"     : "39.json",
		"generatedBy"  : "RaidaJSONExporter",
		"vertices"     : 32,
		"faces"        : 12,
		"normals"      : 32,
		"colors"       : 32
	},
	"materials":[],
	"vertices":[
		206.916841, -9.466464, 41.463928,
		206.916841, 9.466461, 41.463928,
		206.666858, -9.466464, 41.463928,
		206.916841, 9.466461, 41.463928,
		206.666858, 9.466461, 41.463928,
		206.666858, -9.466464, 41.463928,
		206.666858, -9.466464, 41.463928,
		206.666858, -9.466464, 28.414271,
		206.916841, -9.466464, 41.463928,
		206.916841, -9.466464, 28.414271,
		206.666858, 9.466461, 41.463928,
		206.916841, 9.466461, 41.463928,
		206.666858, 9.466461, 28.414271,
		206.916841, 9.466461, 41.463928,
		206.916841, 9.466461, 28.414271,
		206.666858, 9.466461, 28.414271,
		206.666858, -9.466464, 28.414271,
		206.666858, -9.466464, 41.463928,
		206.666858, 9.466461, 28.414271,
		206.666858, 9.466461, 41.463928,
		206.916841, 9.466461, 28.414271,
		206.916841, 9.466461, 41.463928,
		206.916841, -9.466464, 28.414271,
		206.916841, 9.466461, 41.463928,
		206.916841, -9.466464, 41.463928,
		206.916841, -9.466464, 28.414271,
		206.916841, 9.466461, 28.414271,
		206.916841, -9.466464, 28.414271,
		206.666858, 9.466461, 28.414271,
		206.916841, -9.466464, 28.414271,
		206.666858, -9.466464, 28.414271,
		206.666858, 9.466461, 28.414271
	],
	"morphTargets":[],
	"normals":[
		0.000000, -0.000000, 1.000000,
		0.000000, -0.000000, 1.000000,
		0.000000, -0.000000, 1.000000,
		0.000000, 0.000000, 1.000000,
		0.000000, 0.000000, 1.000000,
		0.000000, 0.000000, 1.000000,
		0.000000, -1.000000, 0.000000,
		0.000000, -1.000000, 0.000000,
		0.000000, -1.000000, 0.000000,
		0.000000, -1.000000, 0.000000,
		-0.000000, 1.000000, 0.000000,
		-0.000000, 1.000000, 0.000000,
		-0.000000, 1.000000, 0.000000,
		0.000000, 1.000000, 0.000000,
		0.000000, 1.000000, 0.000000,
		0.000000, 1.000000, 0.000000,
		-1.000000, 0.000000, 0.000000,
		-1.000000, 0.000000, 0.000000,
		-1.000000, 0.000000, 0.000000,
		-1.000000, 0.000000, 0.000000,
		1.000000, 0.000000, -0.000000,
		1.000000, 0.000000, -0.000000,
		1.000000, 0.000000, -0.000000,
		1.000000, 0.000000, 0.000000,
		1.000000, 0.000000, 0.000000,
		1.000000, 0.000000, 0.000000,
		-0.000000, -0.000000, -1.000000,
		-0.000000, -0.000000, -1.000000,
		-0.000000, -0.000000, -1.000000,
		0.000000, 0.000000, -1.000000,
		0.000000, 0.000000, -1.000000,
		0.000000, 0.000000, -1.000000
	],
	"colors":[
		8994623,
		8994623,
		8994623,
		8994623,
		8994623,
		8994623,
		8994623,
		8994623,
		8994623,
		8994623,
		8994623,
		8994623,
		8994623,
		8994623,
		8994623,
		8994623,
		8994623,
		8994623,
		8994623,
		8994623,
		8994623,
		8994623,
		8994623,
		8994623,
		8994623,
		8994623,
		8994623,
		8994623,
		8994623,
		8994623,
		8994623,
		8994623
	],
	"uvs":[[]],
	"faces":[
		160, 0, 1, 2, 0, 1, 2, 0, 1, 2,
		160, 3, 4, 5, 3, 4, 5, 3, 4, 5,
		160, 6, 7, 8, 6, 7, 8, 6, 7, 8,
		160, 7, 9, 8, 7, 9, 8, 7, 9, 8,
		160, 10, 11, 12, 10, 11, 12, 10, 11, 12,
		160, 13, 14, 15, 13, 14, 15, 13, 14, 15,
		160, 16, 17, 18, 16, 17, 18, 16, 17, 18,
		160, 17, 19, 18, 17, 19, 18, 17, 19, 18,
		160, 20, 21, 22, 20, 21, 22, 20, 21, 22,
		160, 23, 24, 25, 23, 24, 25, 23, 24, 25,
		160, 26, 27, 28, 26, 27, 28, 26, 27, 28,
		160, 29, 30, 31, 29, 30, 31, 29, 30, 31
	]
}
