{
	"metadata":{
		"formatVersion": 3,
		"fileName"     : "44.json",
		"generatedBy"  : "RaidaJSONExporter",
		"vertices"     : 30,
		"faces"        : 12,
		"normals"      : 30,
		"colors"       : 30
	},
	"materials":[],
	"vertices":[
		139.540914, 11.499999, 42.238807,
		139.540914, 11.750000, 42.238807,
		139.540914, 11.499999, 22.162410,
		139.540914, 11.750000, 42.238807,
		139.540914, 11.750000, 22.162410,
		139.540914, 11.499999, 22.162410,
		139.540914, 11.750000, 42.238807,
		139.540914, 11.499999, 42.238807,
		140.537109, 11.750000, 42.325961,
		140.537109, 11.499999, 42.325961,
		140.537109, 11.499999, 42.325961,
		140.537109, 11.499999, 22.249564,
		140.537109, 11.750000, 42.325961,
		140.537109, 11.499999, 22.249564,
		140.537109, 11.750000, 22.249564,
		140.537109, 11.750000, 42.325961,
		139.540914, 11.499999, 22.162410,
		140.537109, 11.499999, 22.249564,
		139.540914, 11.499999, 42.238807,
		140.537109, 11.499999, 22.249564,
		140.537109, 11.499999, 42.325961,
		139.540914, 11.499999, 42.238807,
		140.537109, 11.750000, 42.325961,
		140.537109, 11.750000, 22.249564,
		139.540914, 11.750000, 42.238807,
		139.540914, 11.750000, 22.162410,
		140.537109, 11.750000, 22.249564,
		140.537109, 11.499999, 22.249564,
		139.540914, 11.750000, 22.162410,
		139.540914, 11.499999, 22.162410
	],
	"morphTargets":[],
	"normals":[
		-1.000000, 0.000000, 0.000000,
		-1.000000, 0.000000, 0.000000,
		-1.000000, 0.000000, 0.000000,
		-1.000000, 0.000000, -0.000000,
		-1.000000, 0.000000, -0.000000,
		-1.000000, 0.000000, -0.000000,
		-0.087154, 0.000000, 0.996195,
		-0.087154, 0.000000, 0.996195,
		-0.087154, 0.000000, 0.996195,
		-0.087154, 0.000000, 0.996195,
		1.000000, -0.000000, 0.000000,
		1.000000, -0.000000, 0.000000,
		1.000000, -0.000000, 0.000000,
		1.000000, 0.000000, 0.000000,
		1.000000, 0.000000, 0.000000,
		1.000000, 0.000000, 0.000000,
		0.000000, -1.000000, 0.000000,
		0.000000, -1.000000, 0.000000,
		0.000000, -1.000000, 0.000000,
		0.000000, -1.000000, 0.000000,
		0.000000, -1.000000, 0.000000,
		0.000000, -1.000000, 0.000000,
		0.000000, 1.000000, 0.000000,
		0.000000, 1.000000, 0.000000,
		0.000000, 1.000000, 0.000000,
		0.000000, 1.000000, 0.000000,
		0.087154, 0.000000, -0.996195,
		0.087154, 0.000000, -0.996195,
		0.087154, 0.000000, -0.996195,
		0.087154, 0.000000, -0.996195
	],
	"colors":[
		8994623,
		8994623,
		8994623,
		8994623,
		8994623,
		8994623,
		8994623,
		8994623,
		8994623,
		8994623,
		8994623,
		8994623,
		8994623,
		8994623,
		8994623,
		8994623,
		8994623,
		8994623,
		8994623,
		8994623,
		8994623,
		8994623,
		8994623,
		8994623,
		8994623,
		8994623,
		8994623,
		8994623,
		8994623,
		8994623
	],
	"uvs":[[]],
	"faces":[
		160, 0, 1, 2, 0, 1, 2, 0, 1, 2,
		160, 3, 4, 5, 3, 4, 5, 3, 4, 5,
		160, 6, 7, 8, 6, 7, 8, 6, 7, 8,
		160, 7, 9, 8, 7, 9, 8, 7, 9, 8,
		160, 10, 11, 12, 10, 11, 12, 10, 11, 12,
		160, 13, 14, 15, 13, 14, 15, 13, 14, 15,
		160, 16, 17, 18, 16, 17, 18, 16, 17, 18,
		160, 19, 20, 21, 19, 20, 21, 19, 20, 21,
		160, 22, 23, 24, 22, 23, 24, 22, 23, 24,
		160, 23, 25, 24, 23, 25, 24, 23, 25, 24,
		160, 26, 27, 28, 26, 27, 28, 26, 27, 28,
		160, 27, 29, 28, 27, 29, 28, 27, 29, 28
	]
}
