{
	"metadata":{
		"formatVersion": 3,
		"fileName"     : "47.json",
		"generatedBy"  : "RaidaJSONExporter",
		"vertices"     : 111,
		"faces"        : 52,
		"normals"      : 111,
		"colors"       : 111
	},
	"materials":[],
	"vertices":[
		152.989543, 25.999999, 43.415407,
		152.739541, 25.999999, 43.393536,
		152.989543, 25.999999, 23.339013,
		152.739541, 25.999999, 43.393536,
		152.739541, 25.999999, 23.339013,
		152.989543, 25.999999, 23.339013,
		152.739541, 40.015882, 23.339013,
		152.864551, 39.983273, 23.339013,
		152.739541, 25.999999, 23.339013,
		152.864551, 39.983273, 23.339013,
		152.989543, 39.950589, 23.339013,
		152.739541, 25.999999, 23.339013,
		152.989543, 39.950589, 23.339013,
		152.989543, 25.999999, 23.339013,
		152.989543, 39.950589, 23.339013,
		152.989543, 41.418816, 28.263293,
		152.864551, 39.983273, 23.339013,
		152.864551, 39.983273, 23.339013,
		152.989543, 41.418816, 28.263293,
		152.739541, 40.015882, 23.339013,
		152.989543, 41.418816, 28.263293,
		152.739541, 40.015882, 23.339013,
		152.739541, 40.015882, 23.339013,
		152.989543, 41.418816, 28.263293,
		152.739541, 41.475130, 28.241656,
		152.989543, 41.418816, 28.263293,
		152.989543, 41.534791, 28.652250,
		152.739541, 41.475130, 28.241656,
		152.739541, 41.475130, 28.241656,
		152.989543, 41.534791, 28.652250,
		152.739541, 41.607819, 28.687452,
		152.989543, 41.534791, 28.652250,
		152.739541, 41.607819, 28.687452,
		152.739541, 41.607819, 28.687452,
		152.989543, 41.534791, 28.652250,
		152.739541, 42.775933, 32.549082,
		152.989543, 41.534791, 28.652250,
		152.989543, 42.953621, 33.335967,
		152.739541, 42.775933, 32.549082,
		152.739541, 42.775933, 32.549082,
		152.989543, 42.953621, 33.335967,
		152.739541, 43.008139, 33.316731,
		152.989543, 42.953621, 33.335967,
		152.989543, 42.966959, 33.379989,
		152.739541, 43.008139, 33.316731,
		152.739541, 43.008139, 33.316731,
		152.989543, 42.966959, 33.379989,
		152.739541, 43.918198, 36.325271,
		152.989543, 42.966959, 33.379989,
		152.989543, 43.866023, 36.347895,
		152.739541, 43.918198, 36.325271,
		152.739541, 43.918198, 36.325271,
		152.989543, 43.866023, 36.347895,
		152.739541, 44.563890, 38.412731,
		152.989543, 43.866023, 36.347895,
		152.989543, 44.510879, 38.430126,
		152.739541, 44.563890, 38.412731,
		152.739541, 44.563890, 38.412731,
		152.989543, 44.510879, 38.430126,
		152.739541, 46.104553, 43.393536,
		152.989543, 44.510879, 38.430126,
		152.739541, 46.104553, 43.393536,
		152.739541, 46.104553, 43.393536,
		152.989543, 44.510879, 38.430126,
		152.864551, 46.079707, 43.404472,
		152.989543, 44.510879, 38.430126,
		152.989543, 46.054804, 43.415407,
		152.864551, 46.079707, 43.404472,
		152.989543, 46.054804, 43.415407,
		152.989543, 25.999999, 43.415407,
		152.989543, 44.510879, 38.430126,
		152.989543, 25.999999, 43.415407,
		152.989543, 44.510879, 38.430126,
		152.989543, 43.866023, 36.347895,
		152.989543, 43.866023, 36.347895,
		152.989543, 42.966959, 33.379989,
		152.989543, 42.966959, 33.379989,
		152.989543, 42.953621, 33.335967,
		152.989543, 42.953621, 33.335967,
		152.989543, 41.534791, 28.652250,
		152.989543, 41.534791, 28.652250,
		152.989543, 41.418816, 28.263293,
		152.989543, 25.999999, 23.339013,
		152.989543, 39.950589, 23.339013,
		152.739541, 46.104553, 43.393536,
		152.739541, 25.999999, 43.393536,
		152.739541, 44.563890, 38.412731,
		152.739541, 43.918198, 36.325271,
		152.739541, 25.999999, 43.393536,
		152.739541, 43.918198, 36.325271,
		152.739541, 43.918198, 36.325271,
		152.739541, 25.999999, 43.393536,
		152.739541, 43.008139, 33.316731,
		152.739541, 43.008139, 33.316731,
		152.739541, 43.008139, 33.316731,
		152.739541, 42.775933, 32.549082,
		152.739541, 42.775933, 32.549082,
		152.739541, 41.607819, 28.687452,
		152.739541, 41.607819, 28.687452,
		152.739541, 41.475130, 28.241656,
		152.739541, 25.999999, 23.339013,
		152.739541, 40.015882, 23.339013,
		152.989543, 25.999999, 43.415407,
		152.739541, 25.999999, 43.393536,
		152.989543, 46.054804, 43.415407,
		152.989543, 46.054804, 43.415407,
		152.739541, 25.999999, 43.393536,
		152.864551, 46.079707, 43.404472,
		152.739541, 25.999999, 43.393536,
		152.739541, 46.104553, 43.393536,
		152.864551, 46.079707, 43.404472
	],
	"morphTargets":[],