{
	"metadata":{
		"formatVersion": 3,
		"fileName"     : "52.json",
		"generatedBy"  : "RaidaJSONExporter",
		"vertices"     : 155,
		"faces"        : 60,
		"normals"      : 155,
		"colors"       : 155
	},
	"materials":[],
	"vertices":[
		151.199695, 23.582648, 40.239541,
		151.035008, 23.724083, 40.239541,
		151.199695, 23.582648, 26.172882,
		151.035008, 23.724083, 26.172882,
		152.012270, 24.862041, 41.827474,
		152.012270, 24.862041, 24.755946,
		151.035008, 23.724083, 40.239541,
		152.012270, 24.862041, 24.755946,
		151.035008, 23.724083, 26.172882,
		151.035008, 23.724083, 40.239541,
		151.199695, 23.582648, 26.172882,
		152.195768, 24.522437, 24.886387,
		151.199695, 23.582648, 40.239541,
		152.195768, 24.522437, 24.886387,
		151.199695, 23.582648, 40.239541,
		151.199695, 23.582648, 40.239541,
		152.195768, 24.522437, 24.886387,
		152.195768, 24.522437, 41.681293,
		152.195768, 24.522437, 24.886387,
		152.204817, 24.531918, 24.874025,
		152.195768, 24.522437, 41.681293,
		152.195768, 24.522437, 41.681293,
		152.204817, 24.531918, 24.874025,
		152.216944, 24.558013, 41.724466,
		152.204817, 24.531918, 24.874025,
		152.217207, 24.557517, 24.848056,
		152.216944, 24.558013, 41.724466,
		152.216944, 24.558013, 41.724466,
		152.217207, 24.557517, 24.848056,
		152.217207, 24.557517, 24.848056,
		152.232704, 24.589547, 24.815567,
		152.216944, 24.558013, 41.724466,
		152.216944, 24.558013, 41.724466,
		152.232704, 24.589547, 24.815567,
		152.230808, 24.581312, 41.752742,
		152.232704, 24.589547, 24.815567,
		152.230808, 24.581312, 41.752742,
		152.230808, 24.581312, 41.752742,
		152.232704, 24.589547, 24.815567,
		152.231296, 24.595514, 41.764485,
		152.232704, 24.589547, 24.815567,
		152.232582, 24.595392, 24.811451,
		152.231296, 24.595514, 41.764485,
		152.231296, 24.595514, 41.764485,
		152.232582, 24.595392, 24.811451,
		152.232582, 24.595392, 24.811451,
		152.231728, 24.637043, 24.782130,
		152.231296, 24.595514, 41.764485,
		152.231296, 24.595514, 41.764485,
		152.231728, 24.637043, 24.782130,
		152.232704, 24.637075, 41.798831,
		152.231728, 24.637043, 24.782130,
		152.232704, 24.637075, 41.798831,
		152.232704, 24.637075, 41.798831,
		152.231728, 24.637043, 24.782130,
		152.218014, 24.676100, 41.820045,
		152.231728, 24.637043, 24.782130,
		152.231625, 24.642175, 24.778517,
		152.218014, 24.676100, 41.820045,
		152.218014, 24.676100, 41.820045,
		152.231625, 24.642175, 24.778517,
		152.231625, 24.642175, 24.778517,
		152.217367, 24.675816, 24.763179,
		152.218014, 24.676100, 41.820045,
		152.218014, 24.676100, 41.820045,
		152.217367, 24.675816, 24.763179,
		152.217367, 24.675816, 24.763179,
		152.215311, 24.680678, 24.760961,
		152.218014, 24.676100, 41.820045,
		152.218014, 24.676100, 41.820045,
		152.215311, 24.680678, 24.760961,
		152.196031, 24.704032, 41.827310,
		152.215311, 24.680678, 24.760961,
		152.191432, 24.708186, 24.755946,
		152.196031, 24.704032, 41.827310,
		152.196031, 24.704032, 41.827310,
		152.191432, 24.708186, 24.755946,
		152.191432, 24.708186, 41.827474,
		152.191432, 24.708186, 24.755946,
		152.012270, 24.862041, 24.755946,
		152.191432, 24.708186, 41.827474,
		152.191432, 24.708186, 41.827474,
		152.012270, 24.862041, 24.755946,
		152.012270, 24.862041, 41.827474,
		151.199695, 23.582648, 40.239541,
		151.035008, 23.724083, 40.239541,
		152.195768, 24.522437, 41.681293,
		152.195768, 24.522437, 41.681293,
		151.035008, 23.724083, 40.239541,
		151.035008, 23.724083, 40.239541,
		152.012270, 24.862041, 41.827474,
		152.195768, 24.522437, 41.681293,
		152.195768, 24.522437, 41.681293,
		152.012270, 24.862041, 41.827474,
		152.216944, 24.558013, 41.724466,
		152.012270, 24.862041, 41.827474,
		152.216944, 24.558013, 41.724466,
		152.216944, 24.558013, 41.724466,
		152.012270, 24.862041, 41.827474,
		152.230808, 24.581312, 41.752742,
		152.230808, 24.581312, 41.752742,
		152.230808, 24.581312, 41.752742,
		152.012270, 24.862041, 41.827474,
		152.231296, 24.595514, 41.764485,
		152.231296, 24.595514, 41.764485,
		152.231296, 24.595514, 41.764485,
		152.012270, 24.862041, 41.827474,
		152.232704, 24.637075, 41.798831,
		152.232704, 24.637075, 41.798831,
		152.232704, 24.637075, 41.798831,
		152.012270, 24.862041, 41.827474,
		152.218014, 24.676100, 41.820045,
		152.012270, 24.862041, 41.827474,
		152.191432, 24.708186, 41.827474,
		152.218014, 24.676100, 41.820045,
		152.218014, 24.676100, 41.820045,
		152.191432, 24.708186, 41.827474,
		152.196031, 24.704032, 41.827310,
		151.199695, 23.582648, 26.172882,
		152.195768, 24.522437, 24.886387,
		151.035008, 23.724083, 26.172882,
		151.035008, 23.724083, 26.172882,
		152.195768, 24.522437, 24.886387,
		152.217207, 24.557517, 24.848056,
		152.195768, 24.522437, 24.886387,
		152.204817, 24.531918, 24.874025,
		152.217207, 24.557517, 24.848056,
		152.012270, 24.862041, 24.755946,
		152.191432, 24.708186, 24.755946,
		151.035008, 23.724083, 26.172882,
		152.191432, 24.708186, 24.755946,
		152.215311, 24.680678, 24.760961,
		151.035008, 23.724083, 26.172882,
		151.035008, 23.724083, 26.172882,
		152.215311, 24.680678, 24.760961,
		152.215311, 24.680678, 24.760961,
		152.217367, 24.675816, 24.763179,
		151.035008, 23.724083, 26.172882,
		152.217367, 24.675816, 24.763179,
		152.217367, 24.675816, 24.763179,
		152.231625, 24.642175, 24.778517,
		151.035008, 23.724083, 26.172882,
		152.231625, 24.642175, 24.778517,
		152.231728, 24.637043, 24.782130,
		151.035008, 23.724083, 26.172882,
		152.231728, 24.637043, 24.782130,
		152.231728, 24.637043, 24.782130,
		152.232582, 24.595392, 24.811451,
		151.035008, 23.724083, 26.172882,
		151.035008, 23.724083, 26.172882,
		152.232582, 24.595392, 24.811451,
		152.217207, 24.557517, 24.848056,
		152.232582, 24.595392, 24.811451,
		152.232704, 24.589547, 24.815567,
		152.217207, 24.557517, 24.848056
	],
	"morphTargets":[],