{
	"metadata":{
		"formatVersion": 3,
		"fileName"     : "55.json",
		"generatedBy"  : "RaidaJSONExporter",
		"vertices"     : 174,
		"faces"        : 67,
		"normals"      : 174,
		"colors"       : 174
	},
	"materials":[],
	"vertices":[
		151.199694, 23.582647, 40.239542,
		142.656331, 13.634485, 39.492090,
		151.035007, 23.724082, 40.239542,
		142.656331, 13.634485, 39.492090,
		142.491644, 13.775918, 39.492090,
		151.035007, 23.724082, 40.239542,
		152.012270, 24.862040, 41.827475,
		151.035007, 23.724082, 40.239542,
		141.514372, 12.637958, 40.909029,
		151.035007, 23.724082, 40.239542,
		142.491644, 13.775918, 39.492090,
		141.514372, 12.637958, 40.909029,
		142.656331, 13.634485, 39.492090,
		151.199694, 23.582647, 40.239542,
		141.877800, 12.507871, 40.778588,
		151.199694, 23.582647, 40.239542,
		152.195768, 24.522436, 41.681294,
		141.877800, 12.507871, 40.778588,
		141.877800, 12.507871, 40.778588,
		152.195768, 24.522436, 41.681294,
		141.846149, 12.481096, 40.817256,
		152.195768, 24.522436, 41.681294,
		152.204816, 24.531917, 41.695148,
		141.846149, 12.481096, 40.817256,
		141.846149, 12.481096, 40.817256,
		152.204816, 24.531917, 41.695148,
		152.204816, 24.531917, 41.695148,
		152.216868, 24.557634, 41.724110,
		141.846149, 12.481096, 40.817256,
		141.846149, 12.481096, 40.817256,
		152.216868, 24.557634, 41.724110,
		141.827995, 12.465743, 40.839427,
		152.216868, 24.557634, 41.724110,
		152.233257, 24.592601, 41.763496,
		141.827995, 12.465743, 40.839427,
		141.827995, 12.465743, 40.839427,
		152.233257, 24.592601, 41.763496,
		152.233257, 24.592601, 41.763496,
		152.233126, 24.595382, 41.765641,
		141.827995, 12.465743, 40.839427,
		141.827995, 12.465743, 40.839427,
		152.233126, 24.595382, 41.765641,
		141.810808, 12.461974, 40.852705,
		152.233126, 24.595382, 41.765641,
		141.810808, 12.461974, 40.852705,
		141.810808, 12.461974, 40.852705,
		152.233126, 24.595382, 41.765641,
		141.774144, 12.453937, 40.881033,
		152.233126, 24.595382, 41.765641,
		152.231192, 24.636981, 41.797720,
		141.774144, 12.453937, 40.881033,
		141.774144, 12.453937, 40.881033,
		152.231192, 24.636981, 41.797720,
		141.770165, 12.454667, 40.882957,
		152.231192, 24.636981, 41.797720,
		141.770165, 12.454667, 40.882957,
		141.770165, 12.454667, 40.882957,
		152.231192, 24.636981, 41.797720,
		141.731332, 12.461798, 40.901749,
		152.231192, 24.636981, 41.797720,
		152.230807, 24.645428, 41.804234,
		141.731332, 12.461798, 40.901749,
		141.731332, 12.461798, 40.901749,
		152.230807, 24.645428, 41.804234,
		152.230807, 24.645428, 41.804234,
		152.217206, 24.675726, 41.819187,
		141.731332, 12.461798, 40.901749,
		141.731332, 12.461798, 40.901749,
		152.217206, 24.675726, 41.819187,
		141.729399, 12.462868, 40.902172,
		152.217206, 24.675726, 41.819187,
		141.729399, 12.462868, 40.902172,
		141.729399, 12.462868, 40.902172,
		152.217206, 24.675726, 41.819187,
		141.698921, 12.479727, 40.908846,
		152.217206, 24.675726, 41.819187,
		152.214259, 24.682287, 41.822425,
		141.698921, 12.479727, 40.908846,
		141.698921, 12.479727, 40.908846,
		152.214259, 24.682287, 41.822425,
		152.214259, 24.682287, 41.822425,
		152.191431, 24.708185, 41.827475,
		141.698921, 12.479727, 40.908846,
		141.698921, 12.479727, 40.908846,
		152.191431, 24.708185, 41.827475,
		141.693524, 12.484105, 40.909029,
		152.191431, 24.708185, 41.827475,
		141.693524, 12.484105, 40.909029,
		141.693524, 12.484105, 40.909029,
		152.191431, 24.708185, 41.827475,
		141.514372, 12.637958, 40.909029,
		152.191431, 24.708185, 41.827475,
		152.012270, 24.862040, 41.827475,
		141.514372, 12.637958, 40.909029,
		141.827995, 12.465743, 40.839427,
		141.810808, 12.461974, 40.852705,
		141.846149, 12.481096, 40.817256,
		141.810808, 12.461974, 40.852705,
		142.491644, 13.775918, 39.492090,
		141.846149, 12.481096, 40.817256,
		141.846149, 12.481096, 40.817256,
		142.491644, 13.775918, 39.492090,
		141.877800, 12.507871, 40.778588,
		142.491644, 13.775918, 39.492090,
		142.656331, 13.634485, 39.492090,
		141.877800, 12.507871, 40.778588,
		152.214259, 24.682287, 41.822425,
		152.217206, 24.675726, 41.819187,
		152.191431, 24.708185, 41.827475,
		152.217206, 24.675726, 41.819187,
		152.191431, 24.708185, 41.827475,
		152.191431, 24.708185, 41.827475,
		152.217206, 24.675726, 41.819187,
		152.012270, 24.862040, 41.827475,
		152.217206, 24.675726, 41.819187,
		152.230807, 24.645428, 41.804234,
		152.012270, 24.862040, 41.827475,
		152.012270, 24.862040, 41.827475,
		152.230807, 24.645428, 41.804234,
		152.230807, 24.645428, 41.804234,
		152.231192, 24.636981, 41.797720,
		152.012270, 24.862040, 41.827475,
		152.231192, 24.636981, 41.797720,
		152.231192, 24.636981, 41.797720,
		152.233126, 24.595382, 41.765641,
		152.012270, 24.862040, 41.827475,
		152.233126, 24.595382, 41.765641,
		152.233126, 24.595382, 41.765641,
		152.233257, 24.592601, 41.763496,
		152.012270, 24.862040, 41.827475,
		152.233257, 24.592601, 41.763496,
		152.233257, 24.592601, 41.763496,
		152.216868, 24.557634, 41.724110,
		152.012270, 24.862040, 41.827475,
		152.216868, 24.557634, 41.724110,
		152.216868, 24.557634, 41.724110,
		152.204816, 24.531917, 41.695148,
		152.012270, 24.862040, 41.827475,
		152.204816, 24.531917, 41.695148,
		152.204816, 24.531917, 41.695148,
		152.195768, 24.522436, 41.681294,
		152.012270, 24.862040, 41.827475,
		152.012270, 24.862040, 41.827475,
		152.195768, 24.522436, 41.681294,
		151.035007, 23.724082, 40.239542,
		152.195768, 24.522436, 41.681294,
		151.199694, 23.582647, 40.239542,
		151.035007, 23.724082, 40.239542,
		141.810808, 12.461974, 40.852705,
		141.774144, 12.453937, 40.881033,
		142.491644, 13.775918, 39.492090,
		141.774144, 12.453937, 40.881033,
		141.770165, 12.454667, 40.882957,
		142.491644, 13.775918, 39.492090,
		142.491644, 13.775918, 39.492090,
		141.770165, 12.454667, 40.882957,
		141.770165, 12.454667, 40.882957,
		141.731332, 12.461798, 40.901749,
		142.491644, 13.775918, 39.492090,
		141.731332, 12.461798, 40.901749,
		141.731332, 12.461798, 40.901749,
		141.729399, 12.462868, 40.902172,
		142.491644, 13.775918, 39.492090,
		141.729399, 12.462868, 40.902172,
		141.729399, 12.462868, 40.902172,
		141.698921, 12.479727, 40.908846,
		142.491644, 13.775918, 39.492090,
		141.698921, 12.479727, 40.908846,
		141.698921, 12.479727, 40.908846,
		141.693524, 12.484105, 40.909029,
		142.491644, 13.775918, 39.492090,
		142.491644, 13.775918, 39.492090,
		141.693524, 12.484105, 40.909029,
		141.514372, 12.637958, 40.909029
	],
	"morphTargets":[],