{
	"metadata":{
		"formatVersion": 3,
		"fileName"     : "6.json",
		"generatedBy"  : "RaidaJSONExporter",
		"vertices"     : 148,
		"faces"        : 58,
		"normals"      : 148,
		"colors"       : 148
	},
	"materials":[],
	"vertices":[
		141.877801, 12.507872, 40.778586,
		142.656331, 13.634485, 39.492089,
		142.491644, 13.775918, 39.492089,
		141.846356, 12.481385, 40.816917,
		141.817041, 12.461229, 40.849403,
		141.811240, 12.460464, 40.853520,
		142.656331, 13.634485, 25.425433,
		142.491644, 13.775918, 25.425433,
		142.656331, 13.634485, 39.492089,
		142.491644, 13.775918, 39.492089,
		142.491644, 13.775918, 39.492089,
		142.491644, 13.775918, 25.425433,
		141.514372, 12.637959, 40.909027,
		142.491644, 13.775918, 25.425433,
		141.514372, 12.637959, 23.837500,
		141.514372, 12.637959, 40.909027,
		142.656331, 13.634485, 39.492089,
		141.877801, 12.507872, 40.778586,
		142.656331, 13.634485, 25.425433,
		141.877801, 12.507872, 40.778586,
		142.656331, 13.634485, 25.425433,
		141.877801, 12.507872, 23.983681,
		141.877801, 12.507872, 40.778586,
		141.869794, 12.497496, 40.790949,
		141.877801, 12.507872, 23.983681,
		141.877801, 12.507872, 23.983681,
		141.869794, 12.497496, 40.790949,
		141.845830, 12.481568, 23.940508,
		141.869794, 12.497496, 40.790949,
		141.846356, 12.481385, 40.816917,
		141.845830, 12.481568, 23.940508,
		141.845830, 12.481568, 23.940508,
		141.846356, 12.481385, 40.816917,
		141.846356, 12.481385, 40.816917,
		141.817041, 12.461229, 40.849403,
		141.845830, 12.481568, 23.940508,
		141.845830, 12.481568, 23.940508,
		141.817041, 12.461229, 40.849403,
		141.824898, 12.464340, 23.912231,
		141.817041, 12.461229, 40.849403,
		141.824898, 12.464340, 23.912231,
		141.824898, 12.464340, 23.912231,
		141.817041, 12.461229, 40.849403,
		141.810931, 12.461710, 23.900489,
		141.817041, 12.461229, 40.849403,
		141.811240, 12.460464, 40.853520,
		141.810931, 12.461710, 23.900489,
		141.810931, 12.461710, 23.900489,
		141.811240, 12.460464, 40.853520,
		141.811240, 12.460464, 40.853520,
		141.769940, 12.455016, 40.882844,
		141.810931, 12.461710, 23.900489,
		141.810931, 12.461710, 23.900489,
		141.769940, 12.455016, 40.882844,
		141.770052, 12.454044, 23.866141,
		141.769940, 12.455016, 40.882844,
		141.770052, 12.454044, 23.866141,
		141.770052, 12.454044, 23.866141,
		141.769940, 12.455016, 40.882844,
		141.729258, 12.462666, 23.844929,
		141.769940, 12.455016, 40.882844,
		141.764852, 12.454345, 40.886457,
		141.729258, 12.462666, 23.844929,
		141.729258, 12.462666, 23.844929,
		141.764852, 12.454345, 40.886457,
		141.764852, 12.454345, 40.886457,
		141.729446, 12.463350, 40.901795,
		141.729258, 12.462666, 23.844929,
		141.729258, 12.462666, 23.844929,
		141.729446, 12.463350, 40.901795,
		141.729446, 12.463350, 40.901795,
		141.724330, 12.464651, 40.904010,
		141.729258, 12.462666, 23.844929,
		141.729258, 12.462666, 23.844929,
		141.724330, 12.464651, 40.904010,
		141.698330, 12.480184, 23.837662,
		141.724330, 12.464651, 40.904010,
		141.693524, 12.484105, 40.909027,
		141.698330, 12.480184, 23.837662,
		141.698330, 12.480184, 23.837662,
		141.693524, 12.484105, 40.909027,
		141.693524, 12.484105, 23.837500,
		141.693524, 12.484105, 40.909027,
		141.514372, 12.637959, 40.909027,
		141.693524, 12.484105, 23.837500,
		141.693524, 12.484105, 23.837500,
		141.514372, 12.637959, 40.909027,
		141.514372, 12.637959, 23.837500,
		141.869794, 12.497496, 40.790949,
		141.846356, 12.481385, 40.816917,
		141.877801, 12.507872, 40.778586,
		141.877801, 12.507872, 40.778586,
		141.846356, 12.481385, 40.816917,
		142.491644, 13.775918, 39.492089,
		141.846356, 12.481385, 40.816917,
		141.811240, 12.460464, 40.853520,
		142.491644, 13.775918, 39.492089,
		142.491644, 13.775918, 39.492089,
		141.811240, 12.460464, 40.853520,
		141.769940, 12.455016, 40.882844,
		142.491644, 13.775918, 39.492089,
		141.769940, 12.455016, 40.882844,
		141.769940, 12.455016, 40.882844,
		141.764852, 12.454345, 40.886457,
		142.491644, 13.775918, 39.492089,
		141.764852, 12.454345, 40.886457,
		141.729446, 12.463350, 40.901795,
		142.491644, 13.775918, 39.492089,
		141.729446, 12.463350, 40.901795,
		141.729446, 12.463350, 40.901795,
		141.724330, 12.464651, 40.904010,
		142.491644, 13.775918, 39.492089,
		141.724330, 12.464651, 40.904010,
		141.724330, 12.464651, 40.904010,
		141.693524, 12.484105, 40.909027,
		142.491644, 13.775918, 39.492089,
		142.491644, 13.775918, 39.492089,
		141.693524, 12.484105, 40.909027,
		141.514372, 12.637959, 40.909027,
		142.656331, 13.634485, 25.425433,
		142.491644, 13.775918, 25.425433,
		141.877801, 12.507872, 23.983681,
		141.877801, 12.507872, 23.983681,
		142.491644, 13.775918, 25.425433,
		141.845830, 12.481568, 23.940508,
		142.491644, 13.775918, 25.425433,
		141.810931, 12.461710, 23.900489,
		141.845830, 12.481568, 23.940508,
		141.845830, 12.481568, 23.940508,
		141.810931, 12.461710, 23.900489,
		141.824898, 12.464340, 23.912231,
		141.810931, 12.461710, 23.900489,
		142.491644, 13.775918, 25.425433,
		141.770052, 12.454044, 23.866141,
		141.770052, 12.454044, 23.866141,
		142.491644, 13.775918, 25.425433,
		141.729258, 12.462666, 23.844929,
		142.491644, 13.775918, 25.425433,
		141.729258, 12.462666, 23.844929,
		142.491644, 13.775918, 25.425433,
		141.698330, 12.480184, 23.837662,
		141.698330, 12.480184, 23.837662,
		141.698330, 12.480184, 23.837662,
		142.491644, 13.775918, 25.425433,
		141.693524, 12.484105, 23.837500,
		142.491644, 13.775918, 25.425433,
		141.514372, 12.637959, 23.837500,
		141.693524, 12.484105, 23.837500
	],
	"morphTargets":[],