{
	"metadata":{
		"formatVersion": 3,
		"fileName"     : "64.json",
		"generatedBy"  : "RaidaJSONExporter",
		"vertices"     : 36,
		"faces"        : 12,
		"normals"      : 36,
		"colors"       : 36
	},
	"materials":[],
	"vertices":[
		124.320367, -28.331878, 78.995038,
		124.285726, -28.331878, 79.015038,
		124.326938, -28.358846, 79.006420,
		124.285726, -28.331878, 79.015038,
		124.292297, -28.358846, 79.026420,
		124.326938, -28.358846, 79.006420,
		124.353145, -28.266163, 79.131812,
		124.387786, -28.266163, 79.111812,
		124.359717, -28.293131, 79.143194,
		124.387786, -28.266163, 79.111812,
		124.394358, -28.293131, 79.123194,
		124.359717, -28.293131, 79.143194,
		124.313034, -28.238514, 79.062338,
		124.347675, -28.238514, 79.042338,
		124.326177, -28.292449, 79.085102,
		124.347675, -28.238514, 79.042338,
		124.360819, -28.292449, 79.065102,
		124.326177, -28.292449, 79.085102,
		124.345892, -28.373352, 79.119249,
		124.380533, -28.373352, 79.099249,
		124.332408, -28.386495, 79.095894,
		124.380533, -28.373352, 79.099249,
		124.367049, -28.386495, 79.075894,
		124.332408, -28.386495, 79.095894,
		124.299550, -28.251657, 79.038983,
		124.334192, -28.251657, 79.018983,
		124.313034, -28.238514, 79.062338,
		124.334192, -28.251657, 79.018983,
		124.347675, -28.238514, 79.042338,
		124.313034, -28.238514, 79.062338,
		124.312694, -28.305592, 79.061748,
		124.347335, -28.305592, 79.041748,
		124.299550, -28.251657, 79.038983,
		124.347335, -28.305592, 79.041748,
		124.334192, -28.251657, 79.018983,
		124.299550, -28.251657, 79.038983
	],
	"morphTargets":[],
	"normals":[
		0.449462, 0.438105, 0.778491,
		0.449462, 0.438105, 0.778491,
		0.449462, 0.438105, 0.778491,
		0.449462, 0.438105, 0.778491,
		0.449462, 0.438105, 0.778491,
		0.449462, 0.438105, 0.778491,
		-0.449462, -0.438105, -0.778491,
		-0.449462, -0.438105, -0.778491,
		-0.449462, -0.438105, -0.778491,
		-0.449462, -0.438105, -0.778491,
		-0.449462, -0.438105, -0.778491,
		-0.449462, -0.438105, -0.778491,
		-0.449462, -0.438105, -0.778491,
		-0.449462, -0.438105, -0.778491,
		-0.449462, -0.438105, -0.778491,
		-0.449462, -0.438105, -0.778491,
		-0.449462, -0.438105, -0.778491,
		-0.449462, -0.438105, -0.778491,
		-0.219052, 0.898924, -0.379410,
		-0.219052, 0.898924, -0.379410,
		-0.219052, 0.898924, -0.379410,
		-0.219052, 0.898924, -0.379410,
		-0.219052, 0.898924, -0.379410,
		-0.219052, 0.898924, -0.379410,
		0.219052, -0.898924, 0.379410,
		0.219052, -0.898924, 0.379410,
		0.219052, -0.898924, 0.379410,
		0.219052, -0.898924, 0.379410,
		0.219052, -0.898924, 0.379410,
		0.219052, -0.898924, 0.379410,
		0.449462, 0.438105, 0.778491,
		0.449462, 0.438105, 0.778491,
		0.449462, 0.438105, 0.778491,
		0.449462, 0.438105, 0.778491,
		0.449462, 0.438105, 0.778491,
		0.449462, 0.438105, 0.778491
	],
	"colors":[
		16775649,
		16775649,
		16775649,
		16775649,
		16775649,
		16775649,
		16775649,
		16775649,
		16775649,
		16775649,
		16775649,
		16775649,
		16775649,
		16775649,
		16775649,
		16775649,
		16775649,
		16775649,
		16775649,
		16775649,
		16775649,
		16775649,
		16775649,
		16775649,
		16775649,
		16775649,
		16775649,
		16775649,
		16775649,
		16775649,
		16775649,
		16775649,
		16775649,
		16775649,
		16775649,
		16775649
	],
	"uvs":[[]],
	"faces":[
		160, 0, 1, 2, 0, 1, 2, 0, 1, 2,
		160, 3, 4, 5, 3, 4, 5, 3, 4, 5,
		160, 6, 7, 8, 6, 7, 8, 6, 7, 8,
		160, 9, 10, 11, 9, 10, 11, 9, 10, 11,
		160, 12, 13, 14, 12, 13, 14, 12, 13, 14,
		160, 15, 16, 17, 15, 16, 17, 15, 16, 17,
		160, 18, 19, 20, 18, 19, 20, 18, 19, 20,
		160, 21, 22, 23, 21, 22, 23, 21, 22, 23,
		160, 24, 25, 26, 24, 25, 26, 24, 25, 26,
		160, 27, 28, 29, 27, 28, 29, 27, 28, 29,
		160, 30, 31, 32, 30, 31, 32, 30, 31, 32,
		160, 33, 34, 35, 33, 34, 35, 33, 34, 35
	]
}
