{
	"metadata":{
		"formatVersion": 3,
		"fileName"     : "74.json",
		"generatedBy"  : "RaidaJSONExporter",
		"vertices"     : 110,
		"faces"        : 43,
		"normals"      : 110,
		"colors"       : 110
	},
	"materials":[],
	"vertices":[
		130.701028, 11.750000, 21.389020,
		130.701028, 11.750000, 76.252238,
		139.540913, 11.750000, 22.162407,
		130.701028, 11.750000, 76.252238,
		139.540913, 11.750000, 77.615833,
		139.540913, 11.750000, 22.162407,
		139.540913, 11.499999, 22.162407,
		135.956102, 11.500004, 21.848779,
		139.540913, 11.750000, 22.162407,
		135.956102, 11.500004, 21.848779,
		135.119741, 11.500005, 21.775605,
		139.540913, 11.750000, 22.162407,
		139.540913, 11.750000, 22.162407,
		135.119741, 11.500005, 21.775605,
		130.701028, 11.750000, 21.389020,
		135.119741, 11.500005, 21.775605,
		132.371282, 11.500008, 21.535147,
		130.701028, 11.750000, 21.389020,
		130.701028, 11.750000, 21.389020,
		132.371282, 11.500008, 21.535147,
		130.701028, 11.500009, 21.389020,
		139.540913, 11.499999, 22.162407,
		139.540913, 11.500001, 40.111980,
		139.540913, 11.750000, 22.162407,
		139.540913, 11.750000, 22.162407,
		139.540913, 11.500001, 40.111980,
		139.540913, 11.500001, 40.111980,
		139.540913, 11.500001, 58.061550,
		139.540913, 11.750000, 22.162407,
		139.540913, 11.500001, 58.061550,
		139.540913, 11.750000, 77.615833,
		139.540913, 11.500001, 76.946573,
		139.540913, 11.750000, 77.615833,
		139.540913, 11.750000, 77.615833,
		139.540913, 11.500001, 76.946573,
		139.540913, 11.570840, 77.303026,
		139.540913, 11.577726, 77.337682,
		139.540913, 11.499999, 22.162407,
		135.956102, 11.500004, 21.848779,
		139.540913, 11.500001, 40.111980,
		139.540913, 11.500001, 40.111980,
		135.956102, 11.500004, 21.848779,
		135.120802, 11.500002, 57.646810,
		135.956102, 11.500004, 21.848779,
		135.119741, 11.500005, 21.775605,
		135.120802, 11.500002, 57.646810,
		135.120802, 11.500002, 57.646810,
		135.119741, 11.500005, 21.775605,
		130.701028, 11.500004, 57.228491,
		135.119741, 11.500005, 21.775605,
		132.371282, 11.500008, 21.535147,
		130.701028, 11.500004, 57.228491,
		130.701028, 11.500004, 57.228491,
		132.371282, 11.500008, 21.535147,
		130.701028, 11.500009, 21.389020,
		130.701028, 11.500009, 21.389020,
		130.701028, 11.750000, 21.389020,
		130.701028, 11.500004, 57.228491,
		130.701028, 11.500004, 57.228491,
		130.701028, 11.750000, 21.389020,
		130.701028, 11.750000, 76.252238,
		130.701028, 11.499999, 75.582981,
		130.701028, 11.750000, 76.252238,
		130.701028, 11.499999, 75.582981,
		130.701028, 11.499999, 75.582981,
		130.701028, 11.750000, 76.252238,
		130.701028, 11.570840, 75.939437,
		130.701028, 11.577726, 75.974086,
		130.701028, 11.500004, 57.228491,
		135.120802, 11.500002, 57.646810,
		130.701028, 11.499999, 75.582981,
		135.120802, 11.500002, 57.646810,
		139.540913, 11.500001, 76.946573,
		130.701028, 11.499999, 75.582981,
		130.701028, 11.499999, 75.582981,
		139.540913, 11.500001, 76.946573,
		130.701028, 11.570840, 75.939437,
		139.540913, 11.500001, 76.946573,
		139.540913, 11.570840, 77.303026,
		130.701028, 11.570840, 75.939437,
		130.701028, 11.570840, 75.939437,
		139.540913, 11.570840, 77.303026,
		130.701028, 11.577726, 75.974086,
		139.540913, 11.570840, 77.303026,
		130.701028, 11.577726, 75.974086,
		130.701028, 11.577726, 75.974086,
		139.540913, 11.570840, 77.303026,
		130.701028, 11.750000, 76.252238,
		139.540913, 11.570840, 77.303026,
		139.540913, 11.577726, 77.337682,
		130.701028, 11.750000, 76.252238,
		130.701028, 11.750000, 76.252238,
		139.540913, 11.577726, 77.337682,
		139.540913, 11.750000, 77.615833,
		139.540913, 11.500001, 76.946573,
		139.540913, 11.500001, 58.061550,
		139.000294, 11.499999, 58.013994,
		139.000294, 11.499999, 58.013994,
		139.540913, 11.500001, 58.061550,
		139.540913, 11.500001, 58.061550,
		139.540913, 11.500001, 40.111980,
		139.000294, 11.499999, 58.013994,
		139.000294, 11.499999, 58.013994,
		139.540913, 11.500001, 40.111980,
		139.540913, 11.500001, 40.111980,
		135.120802, 11.500002, 57.646810,
		139.000294, 11.499999, 58.013994,
		139.000294, 11.499999, 58.013994,
		135.120802, 11.500002, 57.646810,
		139.540913, 11.500001, 76.946573
	],
	"morphTargets":[],