{
	"metadata":{
		"formatVersion": 3,
		"fileName"     : "81.json",
		"generatedBy"  : "RaidaJSONExporter",
		"vertices"     : 57,
		"faces"        : 20,
		"normals"      : 57,
		"colors"       : 57
	},
	"materials":[],
	"vertices":[
		121.358887, -19.930431, 73.858102,
		121.173026, -19.572838, 73.536168,
		121.351820, -19.944571, 73.845854,
		121.173026, -19.572838, 73.536168,
		121.185220, -19.565767, 73.537292,
		121.358887, -19.930431, 73.858102,
		121.358887, -19.930431, 73.858102,
		121.185220, -19.565767, 73.537292,
		121.371082, -19.923359, 73.859225,
		121.356946, -19.951644, 73.834732,
		121.178143, -19.579908, 73.525047,
		121.351820, -19.944571, 73.845854,
		121.351820, -19.944571, 73.845854,
		121.178143, -19.579908, 73.525047,
		121.173026, -19.572838, 73.536168,
		121.392733, -19.923359, 73.846729,
		121.371082, -19.923359, 73.859225,
		121.206872, -19.565767, 73.524795,
		121.206872, -19.565767, 73.524795,
		121.371082, -19.923359, 73.859225,
		121.185220, -19.565767, 73.537292,
		121.378597, -19.951644, 73.822231,
		121.392733, -19.923359, 73.846729,
		121.199794, -19.579908, 73.512546,
		121.199794, -19.579908, 73.512546,
		121.392733, -19.923359, 73.846729,
		121.206872, -19.565767, 73.524795,
		121.178143, -19.579908, 73.525047,
		121.356946, -19.951644, 73.834732,
		121.199794, -19.579908, 73.512546,
		121.199794, -19.579908, 73.512546,
		121.356946, -19.951644, 73.834732,
		121.378597, -19.951644, 73.822231,
		121.356946, -19.951644, 73.834732,
		121.351820, -19.944571, 73.845854,
		121.378597, -19.951644, 73.822231,
		121.378597, -19.951644, 73.822231,
		121.351820, -19.944571, 73.845854,
		121.351820, -19.944571, 73.845854,
		121.358887, -19.930431, 73.858102,
		121.378597, -19.951644, 73.822231,
		121.358887, -19.930431, 73.858102,
		121.358887, -19.930431, 73.858102,
		121.371082, -19.923359, 73.859225,
		121.378597, -19.951644, 73.822231,
		121.378597, -19.951644, 73.822231,
		121.371082, -19.923359, 73.859225,
		121.392733, -19.923359, 73.846729,
		121.173026, -19.572838, 73.536168,
		121.178143, -19.579908, 73.525047,
		121.185220, -19.565767, 73.537292,
		121.185220, -19.565767, 73.537292,
		121.178143, -19.579908, 73.525047,
		121.206872, -19.565767, 73.524795,
		121.178143, -19.579908, 73.525047,
		121.199794, -19.579908, 73.512546,
		121.206872, -19.565767, 73.524795
	],
	"morphTargets":[],
	"normals":[
		-0.866084, -0.000104, 0.499899,
		-0.866084, -0.000104, 0.499899,
		-0.866084, -0.000104, 0.499899,
		0.367244, -0.509619, -0.778087,
		0.367244, -0.509619, -0.778087,
		0.367244, -0.509619, -0.778087,
		0.367258, -0.509611, -0.778086,
		0.367258, -0.509611, -0.778086,
		0.367258, -0.509611, -0.778086,
		0.867112, 0.490298, 0.087893,
		0.867112, 0.490298, 0.087893,
		0.867112, 0.490298, 0.087893,
		0.867271, 0.490077, 0.087556,
		0.867271, 0.490077, 0.087556,
		0.867271, 0.490077, 0.087556,
		-0.346553, -0.720682, -0.600431,
		-0.346553, -0.720682, -0.600431,
		-0.346553, -0.720682, -0.600431,
		-0.346553, -0.720682, -0.600431,
		-0.346553, -0.720682, -0.600431,
		-0.346553, -0.720682, -0.600431,
		-0.866080, -0.000120, 0.499905,
		-0.866080, -0.000120, 0.499905,
		-0.866080, -0.000120, 0.499905,
		-0.865947, 0.000180, 0.500136,
		-0.865947, 0.000180, 0.500136,
		-0.865947, 0.000180, 0.500136,
		0.360375, 0.693268, 0.624107,
		0.360375, 0.693268, 0.624107,
		0.360375, 0.693268, 0.624107,
		0.360375, 0.693268, 0.624107,
		0.360375, 0.693268, 0.624107,
		0.360375, 0.693268, 0.624107,
		-0.353697, 0.706883, -0.612548,
		-0.353697, 0.706883, -0.612548,
		-0.353697, 0.706883, -0.612548,
		0.000000, 0.000000, -0.000000,
		0.000000, 0.000000, -0.000000,
		-0.353513, 0.707099, -0.612405,
		-0.353513, 0.707099, -0.612405,
		-0.353513, 0.707099, -0.612405,
		0.000000, 0.000000, -0.000000,
		-0.353609, 0.707037, -0.612421,
		-0.353609, 0.707037, -0.612421,
		-0.353609, 0.707037, -0.612421,
		-0.353484, 0.707088, -0.612434,
		-0.353484, 0.707088, -0.612434,
		-0.353484, 0.707088, -0.612434,
		0.353607, -0.707149, 0.612293,
		0.353607, -0.707149, 0.612293,
		0.353607, -0.707149, 0.612293,
		0.353454, -0.707149, 0.612382,
		0.353454, -0.707149, 0.612382,
		0.353454, -0.707149, 0.612382,
		0.353508, -0.707261, 0.612220,
		0.353508, -0.707261, 0.612220,
		0.353508, -0.707261, 0.612220
	],
	"colors":[
		16711680,
		16711680,
		16711680,
		16711680,
		16711680,
		16711680,
		16711680,
		16711680,
		16711680,
		16711680,
		16711680,
		16711680,
		16711680,
		16711680,
		16711680,
		16711680,
		16711680,
		16711680,
		16711680,
		16711680,
		16711680,
		16711680,
		16711680,
		16711680,
		16711680,
		16711680,
		16711680,
		16711680,
		16711680,
		16711680,
		16711680,
		16711680,
		16711680,
		16711680,
		16711680,
		16711680,
		16711680,
		16711680,
		16711680,
		16711680,
		16711680,
		16711680,
		16711680,
		16711680,
		16711680,
		16711680,
		16711680,
		16711680,
		16711680,
		16711680,
		16711680,
		16711680,
		16711680,
		16711680,
		16711680,
		16711680,
		16711680
	],
	"uvs":[[]],
	"faces":[
		160, 0, 1, 2, 0, 1, 2, 0, 1, 2,
		160, 3, 4, 5, 3, 4, 5, 3, 4, 5,
		160, 6, 7, 8, 6, 7, 8, 6, 7, 8,
		160, 9, 10, 11, 9, 10, 11, 9, 10, 11,
		160, 12, 13, 14, 12, 13, 14, 12, 13, 14,
		160, 15, 16, 17, 15, 16, 17, 15, 16, 17,
		160, 18, 19, 20, 18, 19, 20, 18, 19, 20,
		160, 21, 22, 23, 21, 22, 23, 21, 22, 23,
		160, 24, 25, 26, 24, 25, 26, 24, 25, 26,
		160, 27, 28, 29, 27, 28, 29, 27, 28, 29,
		160, 30, 31, 32, 30, 31, 32, 30, 31, 32,
		160, 33, 34, 35, 33, 34, 35, 33, 34, 35,
		160, 36, 37, 36, 36, 37, 36, 36, 37, 36,
		160, 38, 39, 40, 38, 39, 40, 38, 39, 40,
		160, 36, 41, 36, 36, 41, 36, 36, 41, 36,
		160, 42, 43, 44, 42, 43, 44, 42, 43, 44,
		160, 45, 46, 47, 45, 46, 47, 45, 46, 47,
		160, 48, 49, 50, 48, 49, 50, 48, 49, 50,
		160, 51, 52, 53, 51, 52, 53, 51, 52, 53,
		160, 54, 55, 56, 54, 55, 56, 54, 55, 56
	]
}
