{
	"metadata":{
		"formatVersion": 3,
		"fileName"     : "9.json",
		"generatedBy"  : "RaidaJSONExporter",
		"vertices"     : 174,
		"faces"        : 67,
		"normals"      : 174,
		"colors"       : 174
	},
	"materials":[],
	"vertices":[
		142.656331, 13.634485, 25.425434,
		151.199694, 23.582647, 26.172883,
		142.491644, 13.775918, 25.425434,
		151.199694, 23.582647, 26.172883,
		151.035007, 23.724082, 26.172883,
		142.491644, 13.775918, 25.425434,
		141.514372, 12.637958, 23.837500,
		142.491644, 13.775918, 25.425434,
		152.012270, 24.862040, 24.755947,
		142.491644, 13.775918, 25.425434,
		151.035007, 23.724082, 26.172883,
		152.012270, 24.862040, 24.755947,
		151.199694, 23.582647, 26.172883,
		142.656331, 13.634485, 25.425434,
		152.195767, 24.522437, 24.886387,
		142.656331, 13.634485, 25.425434,
		141.877800, 12.507871, 23.983682,
		152.195767, 24.522437, 24.886387,
		152.195767, 24.522437, 24.886387,
		141.877800, 12.507871, 23.983682,
		152.217460, 24.557770, 24.847719,
		141.877800, 12.507871, 23.983682,
		141.869793, 12.497496, 23.969827,
		152.217460, 24.557770, 24.847719,
		152.217460, 24.557770, 24.847719,
		141.869793, 12.497496, 23.969827,
		141.869793, 12.497496, 23.969827,
		141.846196, 12.481699, 23.940865,
		152.217460, 24.557770, 24.847719,
		152.217460, 24.557770, 24.847719,
		141.846196, 12.481699, 23.940865,
		152.229887, 24.578031, 24.825548,
		141.846196, 12.481699, 23.940865,
		141.814103, 12.460219, 23.901479,
		152.229887, 24.578031, 24.825548,
		152.229887, 24.578031, 24.825548,
		141.814103, 12.460219, 23.901479,
		141.814103, 12.460219, 23.901479,
		141.811334, 12.459927, 23.899337,
		152.229887, 24.578031, 24.825548,
		152.229887, 24.578031, 24.825548,
		141.811334, 12.459927, 23.899337,
		152.231023, 24.595593, 24.812268,
		141.811334, 12.459927, 23.899337,
		152.231023, 24.595593, 24.812268,
		152.231023, 24.595593, 24.812268,
		141.811334, 12.459927, 23.899337,
		152.233426, 24.633050, 24.783942,
		141.811334, 12.459927, 23.899337,
		141.769920, 12.455550, 23.867258,
		152.233426, 24.633050, 24.783942,
		152.233426, 24.633050, 24.783942,
		141.769920, 12.455550, 23.867258,
		152.232102, 24.636873, 24.782018,
		141.769920, 12.455550, 23.867258,
		152.232102, 24.636873, 24.782018,
		152.232102, 24.636873, 24.782018,
		141.769920, 12.455550, 23.867258,
		152.219187, 24.674184, 24.763228,
		141.769920, 12.455550, 23.867258,
		141.761510, 12.454660, 23.860744,
		152.219187, 24.674184, 24.763228,
		152.219187, 24.674184, 24.763228,
		141.761510, 12.454660, 23.860744,
		141.761510, 12.454660, 23.860744,
		141.729511, 12.463522, 23.845789,
		152.219187, 24.674184, 24.763228,
		152.219187, 24.674184, 24.763228,
		141.729511, 12.463522, 23.845789,
		152.217835, 24.675935, 24.762804,
		141.729511, 12.463522, 23.845789,
		152.217835, 24.675935, 24.762804,
		152.217835, 24.675935, 24.762804,
		141.729511, 12.463522, 23.845789,
		152.196565, 24.703515, 24.756130,
		141.729511, 12.463522, 23.845789,
		141.722575, 12.465442, 23.842548,
		152.196565, 24.703515, 24.756130,
		152.196565, 24.703515, 24.756130,
		141.722575, 12.465442, 23.842548,
		141.722575, 12.465442, 23.842548,
		141.693523, 12.484105, 23.837500,
		152.196565, 24.703515, 24.756130,
		152.196565, 24.703515, 24.756130,
		141.693523, 12.484105, 23.837500,
		152.191431, 24.708185, 24.755947,
		141.693523, 12.484105, 23.837500,
		152.191431, 24.708185, 24.755947,
		152.191431, 24.708185, 24.755947,
		141.693523, 12.484105, 23.837500,
		152.012270, 24.862040, 24.755947,
		141.693523, 12.484105, 23.837500,
		141.514372, 12.637958, 23.837500,
		152.012270, 24.862040, 24.755947,
		152.229887, 24.578031, 24.825548,
		152.231023, 24.595593, 24.812268,
		152.217460, 24.557770, 24.847719,
		152.231023, 24.595593, 24.812268,
		151.035007, 23.724082, 26.172883,
		152.217460, 24.557770, 24.847719,
		152.217460, 24.557770, 24.847719,
		151.035007, 23.724082, 26.172883,
		152.195767, 24.522437, 24.886387,
		151.035007, 23.724082, 26.172883,
		151.199694, 23.582647, 26.172883,
		152.195767, 24.522437, 24.886387,
		141.722575, 12.465442, 23.842548,
		141.729511, 12.463522, 23.845789,
		141.693523, 12.484105, 23.837500,
		141.729511, 12.463522, 23.845789,
		141.693523, 12.484105, 23.837500,
		141.693523, 12.484105, 23.837500,
		141.729511, 12.463522, 23.845789,
		141.514372, 12.637958, 23.837500,
		141.729511, 12.463522, 23.845789,
		141.761510, 12.454660, 23.860744,
		141.514372, 12.637958, 23.837500,
		141.514372, 12.637958, 23.837500,
		141.761510, 12.454660, 23.860744,
		141.761510, 12.454660, 23.860744,
		141.769920, 12.455550, 23.867258,
		141.514372, 12.637958, 23.837500,
		141.769920, 12.455550, 23.867258,
		141.769920, 12.455550, 23.867258,
		141.811334, 12.459927, 23.899337,
		141.514372, 12.637958, 23.837500,
		141.811334, 12.459927, 23.899337,
		141.811334, 12.459927, 23.899337,
		141.814103, 12.460219, 23.901479,
		141.514372, 12.637958, 23.837500,
		141.814103, 12.460219, 23.901479,
		141.814103, 12.460219, 23.901479,
		141.846196, 12.481699, 23.940865,
		141.514372, 12.637958, 23.837500,
		141.846196, 12.481699, 23.940865,
		141.846196, 12.481699, 23.940865,
		141.869793, 12.497496, 23.969827,
		141.514372, 12.637958, 23.837500,
		141.869793, 12.497496, 23.969827,
		141.869793, 12.497496, 23.969827,
		141.877800, 12.507871, 23.983682,
		141.514372, 12.637958, 23.837500,
		141.514372, 12.637958, 23.837500,
		141.877800, 12.507871, 23.983682,
		142.491644, 13.775918, 25.425434,
		141.877800, 12.507871, 23.983682,
		142.656331, 13.634485, 25.425434,
		142.491644, 13.775918, 25.425434,
		152.231023, 24.595593, 24.812268,
		152.233426, 24.633050, 24.783942,
		151.035007, 23.724082, 26.172883,
		152.233426, 24.633050, 24.783942,
		152.232102, 24.636873, 24.782018,
		151.035007, 23.724082, 26.172883,
		151.035007, 23.724082, 26.172883,
		152.232102, 24.636873, 24.782018,
		152.232102, 24.636873, 24.782018,
		152.219187, 24.674184, 24.763228,
		151.035007, 23.724082, 26.172883,
		152.219187, 24.674184, 24.763228,
		152.219187, 24.674184, 24.763228,
		152.217835, 24.675935, 24.762804,
		151.035007, 23.724082, 26.172883,
		152.217835, 24.675935, 24.762804,
		152.217835, 24.675935, 24.762804,
		152.196565, 24.703515, 24.756130,
		151.035007, 23.724082, 26.172883,
		152.196565, 24.703515, 24.756130,
		152.196565, 24.703515, 24.756130,
		152.191431, 24.708185, 24.755947,
		151.035007, 23.724082, 26.172883,
		151.035007, 23.724082, 26.172883,
		152.191431, 24.708185, 24.755947,
		152.012270, 24.862040, 24.755947
	],
	"morphTargets":[],