{
	"metadata":{
		"formatVersion": 3,
		"fileName"     : "92.json",
		"generatedBy"  : "RaidaJSONExporter",
		"vertices"     : 84,
		"faces"        : 40,
		"normals"      : 84,
		"colors"       : 84
	},
	"materials":[],
	"vertices":[
		158.468606, -11.500033, 23.818367,
		158.468606, -11.750033, 23.818367,
		155.468606, -11.500033, 23.555902,
		155.468606, -11.750033, 23.555902,
		158.468606, -11.750033, 23.818367,
		158.468606, -11.500033, 23.818367,
		158.468606, -11.750033, 71.460211,
		158.468606, -11.500033, 23.818367,
		158.468606, -11.500033, 71.460211,
		158.468606, -11.750033, 71.460211,
		142.540913, -11.500033, 22.424874,
		142.540913, -11.500033, 68.229564,
		142.540913, -11.750033, 22.424874,
		142.540913, -11.500033, 68.229564,
		142.540913, -11.750033, 68.229564,
		142.540913, -11.750033, 22.424874,
		139.540913, -11.750033, 70.229563,
		139.540913, -11.500033, 70.229563,
		139.540913, -11.750033, 22.162409,
		139.540913, -11.500033, 70.229563,
		139.540913, -11.500033, 22.162409,
		139.540913, -11.750033, 22.162409,
		155.468606, -11.500033, 23.555902,
		155.468606, -11.750033, 23.555902,
		155.468606, -11.500033, 68.229564,
		155.468606, -11.750033, 68.229564,
		139.540913, -11.750033, 22.162409,
		139.540913, -11.500033, 22.162409,
		142.540913, -11.750033, 22.424874,
		142.540913, -11.500033, 22.424874,
		142.540913, -11.750033, 68.229564,
		142.540913, -11.500033, 68.229564,
		155.468606, -11.750033, 68.229564,
		155.468606, -11.500033, 68.229564,
		142.540913, -11.750033, 22.424874,
		142.540913, -11.750033, 68.229564,
		139.540913, -11.750033, 22.162409,
		142.540913, -11.750033, 68.229564,
		139.540913, -11.750033, 22.162409,
		139.540913, -11.750033, 22.162409,
		142.540913, -11.750033, 68.229564,
		139.540913, -11.750033, 70.229563,
		142.540913, -11.750033, 68.229564,
		139.540913, -11.750033, 70.229563,
		149.023927, -11.750033, 70.951440,
		155.468606, -11.750033, 68.229564,
		158.468606, -11.750033, 71.460211,
		155.468606, -11.750033, 68.229564,
		158.468606, -11.750033, 71.460211,
		158.468606, -11.750033, 71.460211,
		155.468606, -11.750033, 68.229564,
		158.468606, -11.750033, 23.818367,
		155.468606, -11.750033, 23.555902,
		158.468606, -11.750033, 23.818367,
		155.468606, -11.500033, 23.555902,
		155.468606, -11.500033, 68.229564,
		158.468606, -11.500033, 23.818367,
		155.468606, -11.500033, 68.229564,
		158.468606, -11.500033, 23.818367,
		158.468606, -11.500033, 23.818367,
		155.468606, -11.500033, 68.229564,
		158.468606, -11.500033, 71.460211,
		155.468606, -11.500033, 68.229564,
		158.468606, -11.500033, 71.460211,
		158.468606, -11.500033, 71.460211,
		149.023927, -11.500033, 70.951440,
		142.540913, -11.500033, 68.229564,
		139.540913, -11.500033, 70.229563,
		142.540913, -11.500033, 68.229564,
		139.540913, -11.500033, 70.229563,
		139.540913, -11.500033, 22.162409,
		142.540913, -11.500033, 22.424874,
		139.540913, -11.750033, 70.229563,
		149.023927, -11.750033, 70.951440,
		139.540913, -11.500033, 70.229563,
		149.023927, -11.750033, 70.951440,
		139.540913, -11.500033, 70.229563,
		149.023927, -11.500033, 70.951440,
		149.023927, -11.750033, 70.951440,
		149.023927, -11.500033, 70.951440,
		149.023927, -11.500033, 70.951440,
		149.023927, -11.750033, 70.951440,
		158.468606, -11.500033, 71.460211,
		158.468606, -11.750033, 71.460211
	],
	"morphTargets":[],
	"normals":[
		0.087155, 0.000000, -0.996195,
		0.087155, 0.000000, -0.996195,
		0.087155, 0.000000, -0.996195,
		0.087155, 0.000000, -0.996195,
		1.000000, 0.000000, 0.000000,
		1.000000, 0.000000, 0.000000,
		1.000000, 0.000000, 0.000000,
		1.000000, 0.000000, -0.000000,
		1.000000, 0.000000, -0.000000,
		1.000000, 0.000000, -0.000000,
		1.000000, 0.000000, -0.000000,
		1.000000, 0.000000, -0.000000,
		1.000000, 0.000000, -0.000000,
		1.000000, 0.000000, 0.000000,
		1.000000, 0.000000, 0.000000,
		1.000000, 0.000000, 0.000000,
		-1.000000, 0.000000, 0.000000,
		-1.000000, 0.000000, 0.000000,
		-1.000000, 0.000000, 0.000000,
		-1.000000, 0.000000, -0.000000,
		-1.000000, 0.000000, -0.000000,
		-1.000000, 0.000000, -0.000000,
		-1.000000, 0.000000, 0.000000,
		-1.000000, 0.000000, 0.000000,
		-1.000000, 0.000000, 0.000000,
		-1.000000, 0.000000, 0.000000,
		0.087155, 0.000000, -0.996195,
		0.087155, 0.000000, -0.996195,
		0.087155, 0.000000, -0.996195,
		0.087155, 0.000000, -0.996195,
		0.000000, 0.000000, -1.000000,
		0.000000, 0.000000, -1.000000,
		0.000000, 0.000000, -1.000000,
		0.000000, 0.000000, -1.000000,
		-0.000000, -1.000000, 0.000000,
		-0.000000, -1.000000, 0.000000,
		-0.000000, -1.000000, 0.000000,
		-0.000000, 0.000000, 0.000000,
		-0.000000, 0.000000, 0.000000,
		0.000000, -1.000000, 0.000000,
		0.000000, -1.000000, 0.000000,
		0.000000, -1.000000, 0.000000,
		0.000000, -0.000000, 0.000000,
		0.000000, -0.000000, 0.000000,
		0.000000, -1.000000, 0.000000,
		0.000000, -1.000000, 0.000000,
		0.000000, -1.000000, 0.000000,
		0.000000, 0.000000, 0.000000,
		0.000000, 0.000000, 0.000000,
		0.000000, -1.000000, -0.000000,
		0.000000, -1.000000, -0.000000,
		0.000000, -1.000000, -0.000000,
		0.000000, -1.000000, 0.000000,
		0.000000, -1.000000, 0.000000,
		0.000000, 1.000000, 0.000000,
		0.000000, 1.000000, 0.000000,
		0.000000, 1.000000, 0.000000,
		-0.000000, 0.000000, 0.000000,
		-0.000000, 0.000000, 0.000000,
		0.000000, 1.000000, -0.000000,
		0.000000, 1.000000, -0.000000,
		0.000000, 1.000000, -0.000000,
		0.000000, 0.000000, 0.000000,
		0.000000, 0.000000, 0.000000,
		0.000000, 1.000000, 0.000000,
		0.000000, 1.000000, 0.000000,
		0.000000, 1.000000, 0.000000,
		0.000000, 1.000000, 0.000000,
		0.000000, -0.000000, 0.000000,
		0.000000, -0.000000, 0.000000,
		0.000000, 1.000000, 0.000000,
		0.000000, 1.000000, 0.000000,
		-0.075904, 0.000000, 0.997115,
		-0.075904, 0.000000, 0.997115,
		-0.075904, 0.000000, 0.997115,
		-0.000000, 0.000000, 0.000000,
		-0.000000, 0.000000, 0.000000,
		-0.075904, 0.000000, 0.997115,
		0.000000, 0.000000, 0.000000,
		0.000000, 0.000000, 0.000000,
		-0.053791, 0.000000, 0.998552,
		-0.053791, 0.000000, 0.998552,
		-0.053791, 0.000000, 0.998552,
		-0.053791, 0.000000, 0.998552
	],
	"colors":[
		8994623,
		8994623,
		8994623,
		8994623,
		8994623,
		8994623,
		8994623,
		8994623,
		8994623,
		8994623,
		8994623,
		8994623,
		8994623,
		8994623,
		8994623,
		8994623,
		8994623,
		8994623,
		8994623,
		8994623,
		8994623,
		8994623,
		8994623,
		8994623,
		8994623,
		8994623,
		8994623,
		8994623,
		8994623,
		8994623,
		8994623,
		8994623,
		8994623,
		8994623,
		8994623,
		8994623,
		8994623,
		8994623,
		8994623,
		8994623,
		8994623,
		8994623,
		8994623,
		8994623,
		8994623,
		8994623,
		8994623,
		8994623,
		8994623,
		8994623,
		8994623,
		8994623,
		8994623,
		8994623,
		8994623,
		8994623,
		8994623,
		8994623,
		8994623,
		8994623,
		8994623,
		8994623,
		8994623,
		8994623,
		8994623,
		8994623,
		8994623,
		8994623,
		8994623,
		8994623,
		8994623,
		8994623,
		8994623,
		8994623,
		8994623,
		8994623,
		8994623,
		8994623,
		8994623,
		8994623,
		8994623,
		8994623,
		8994623,
		8994623
	],
	"uvs":[[]],