{
	"metadata":{
		"formatVersion": 3,
		"fileName"     : "99.json",
		"generatedBy"  : "RaidaJSONExporter",
		"vertices"     : 162,
		"faces"        : 54,
		"normals"      : 162,
		"colors"       : 162
	},
	"materials":[],
	"vertices":[
		121.218570, -19.508109, 73.545058,
		121.203247, -19.533821, 73.518519,
		121.257139, -19.600036, 73.611855,
		121.203247, -19.533821, 73.518519,
		121.241817, -19.625747, 73.585320,
		121.257139, -19.600036, 73.611855,
		121.254055, -19.461600, 73.606528,
		121.245397, -19.471602, 73.591526,
		121.274058, -19.530883, 73.641167,
		121.245397, -19.471602, 73.591526,
		121.265402, -19.540883, 73.626169,
		121.274058, -19.530883, 73.641167,
		121.375663, -19.393752, 73.817157,
		121.375666, -19.513752, 73.817159,
		121.395665, -19.393752, 73.851798,
		121.375666, -19.513752, 73.817159,
		121.395668, -19.513752, 73.851800,
		121.395665, -19.393752, 73.851798,
		121.651669, -19.823384, 74.295219,
		121.592585, -19.844221, 74.192876,
		121.655147, -19.862778, 74.301231,
		121.592585, -19.844221, 74.192876,
		121.596062, -19.883616, 74.198888,
		121.655147, -19.862778, 74.301231,
		121.437797, -19.403749, 73.924777,
		121.427954, -19.400277, 73.907718,
		121.430850, -19.482534, 73.912748,
		121.427954, -19.400277, 73.907718,
		121.421007, -19.479061, 73.895690,
		121.430850, -19.482534, 73.912748,
		121.257132, -20.274969, 73.611858,
		121.241812, -20.249258, 73.585320,
		121.218571, -20.366896, 73.545054,
		121.241812, -20.249258, 73.585320,
		121.203244, -20.341182, 73.518522,
		121.218571, -20.366896, 73.545054,
		121.245394, -20.403402, 73.591531,
		121.254053, -20.413403, 73.606527,
		121.265395, -20.334120, 73.626169,
		121.254053, -20.413403, 73.606527,
		121.274056, -20.344120, 73.641169,
		121.265395, -20.334120, 73.626169,
		121.340479, -20.392471, 73.756207,
		121.333532, -20.471254, 73.744178,
		121.350322, -20.395944, 73.773265,
		121.333532, -20.471254, 73.744178,
		121.343375, -20.474727, 73.761237,
		121.350322, -20.395944, 73.773265,
		121.517274, -20.413404, 74.062427,
		121.525931, -20.403403, 74.077429,
		121.497271, -20.344121, 74.027788,
		121.525931, -20.403403, 74.077429,
		121.505937, -20.334122, 74.042788,
		121.497271, -20.344121, 74.027788,
		121.590717, -20.294678, 74.189645,
		121.597149, -20.279358, 74.200774,
		121.560080, -20.243255, 74.136571,
		121.597149, -20.279358, 74.200774,
		121.566503, -20.227934, 74.147703,
		121.560080, -20.243255, 74.136571,
		121.639431, -20.132872, 74.274017,
		121.642857, -20.114078, 74.279943,
		121.601849, -20.105511, 74.208916,
		121.642857, -20.114078, 74.279943,
		121.605265, -20.086716, 74.214839,
		121.601849, -20.105511, 74.208916,
		121.657537, -19.947501, 74.305381,
		121.657542, -19.927502, 74.305380,
		121.617540, -19.947502, 74.236097,
		121.657542, -19.927502, 74.305380,
		121.617537, -19.927501, 74.236098,
		121.617540, -19.947502, 74.236097,
		121.642859, -19.760927, 74.279942,
		121.639431, -19.742130, 74.274022,
		121.605264, -19.788287, 74.214838,
		121.639431, -19.742130, 74.274022,
		121.601845, -19.769493, 74.208916,
		121.605264, -19.788287, 74.214838,
		121.560074, -19.631748, 74.136570,
		121.566510, -19.647070, 74.147703,
		121.590718, -19.580326, 74.189643,
		121.566510, -19.647070, 74.147703,
		121.597145, -19.595645, 74.200778,
		121.590718, -19.580326, 74.189643,
		121.497274, -19.530883, 74.027790,
		121.505934, -19.540884, 74.042786,
		121.517275, -19.461601, 74.062428,
		121.505934, -19.540884, 74.042786,
		121.525936, -19.471601, 74.077429,
		121.517275, -19.461601, 74.062428,
		121.430855, -20.392470, 73.912747,
		121.421003, -20.395943, 73.895691,
		121.437803, -20.471255, 73.924778,
		121.421003, -20.395943, 73.895691,
		121.427951, -20.474727, 73.907721,
		121.437803, -20.471255, 73.924778,
		121.340474, -19.482534, 73.756208,
		121.350326, -19.479061, 73.773264,
		121.333535, -19.403751, 73.744176,
		121.350326, -19.479061, 73.773264,
		121.343379, -19.400276, 73.761238,
		121.333535, -19.403751, 73.744176,
		121.283286, -20.441619, 73.657146,
		121.302077, -20.455301, 73.689694,
		121.303801, -20.328856, 73.692688,
		121.302077, -20.455301, 73.689694,
		121.322593, -20.342536, 73.725241,
		121.303801, -20.328856, 73.692688,
		121.395666, -20.481252, 73.851798,
		121.395664, -20.361251, 73.851800,
		121.375664, -20.481252, 73.817157,
		121.395664, -20.361251, 73.851800,
		121.375662, -20.361251, 73.817159,
		121.375664, -20.481252, 73.817157,
		121.469255, -20.455301, 73.979259,
		121.488048, -20.441620, 74.011812,
		121.448736, -20.342537, 73.943718,
		121.488048, -20.441620, 74.011812,
		121.467528, -20.328856, 73.976266,
		121.448736, -20.342537, 73.943718,
		121.568082, -20.341183, 74.150436,
		121.529520, -20.249259, 74.083633,
		121.552760, -20.366894, 74.123901,
		121.529520, -20.249259, 74.083633,
		121.514199, -20.274970, 74.057098,
		121.552760, -20.366894, 74.123901,
		121.564155, -20.166697, 74.143629,
		121.616116, -20.226698, 74.233630,
		121.574156, -20.132057, 74.160953,
		121.616116, -20.226698, 74.233630,
		121.626117, -20.192057, 74.250949,
		121.574156, -20.132057, 74.160953,
		121.596062, -19.991389, 74.198890,
		121.592587, -20.030783, 74.192871,
		121.655150, -20.012228, 74.301234,
		121.592587, -20.030783, 74.192871,
		121.651676, -20.051619, 74.295219,
		121.655150, -20.012228, 74.301234,
		121.626117, -19.682948, 74.250950,
		121.616116, -19.648305, 74.233633,
		121.574159, -19.742948, 74.160952,
		121.616116, -19.648305, 74.233633,
		121.564157, -19.708307, 74.143630,
		121.574159, -19.742948, 74.160952,
		121.568086, -19.533821, 74.150438,
		121.552766, -19.508110, 74.123899,
		121.529517, -19.625746, 74.083635,
		121.552766, -19.508110, 74.123899,
		121.514197, -19.600036, 74.057097,
		121.529517, -19.625746, 74.083635,
		121.469252, -19.419704, 73.979261,
		121.448736, -19.532468, 73.943714,
		121.488053, -19.433385, 74.011812,
		121.448736, -19.532468, 73.943714,
		121.467528, -19.546148, 73.976267,
		121.488053, -19.433385, 74.011812,
		121.283281, -19.433385, 73.657143,
		121.303801, -19.546147, 73.692689,
		121.302074, -19.419704, 73.689696,
		121.303801, -19.546147, 73.692689,
		121.322594, -19.532466, 73.725242,
		121.302074, -19.419704, 73.689696
	],
	"morphTargets":[],